a christmas tale h c andersen.txt, 0.9958, 0.000, 0.1118, 0.2253, 1.000, 0.9627, 0.5706, 0.1268, 0.1149, 0.3739
a confidant without knowing it or the stratagem la fontain.txt, 0.6769, 0.7349, 0.7927, 0.4329, 0.1558, 0.000, 0.3856, 0.6316, 0.2391, 1.000
a lac of rupees for a bit of advice indian writer.txt, 0.5703, 0.000, 0.4406, 0.4221, 1.000, 0.5411, 0.6355, 0.4700, 0.8957, 0.9547
a leaf from the sky h c andersen.txt, 0.6009, 0.5810, 0.4950, 0.5553, 1.000, 0.1964, 0.4473, 0.5371, 0.000, 0.3846
a riddling tale brothers grimm.txt, 0.7197, 0.7605, 0.6609, 0.4042, 0.5364, 0.3454, 1.000, 0.1504, 0.1944, 0.000
a story from the sand dunes h c andersen.txt, 1.000, 0.3622, 0.3797, 0.1598, 0.000, 0.1532, 0.3915, 0.1595, 0.2709, 0.1665
a story of old japan japanese writer.txt, 0.9422, 0.8778, 0.9441, 1.000, 0.4941, 0.7098, 0.2206, 0.03530, 0.000, 0.03140
a terrible fright arthur scott bailey.txt, 1.000, 0.1114, 0.4847, 0.4747, 0.8131, 0.9594, 0.5366, 0.4604, 0.9864, 0.000
alice sick la fontain.txt, 0.01697, 0.6172, 0.3503, 1.000, 0.1390, 0.000, 0.4536, 0.05453, 0.1260, 0.4168
allerleirauh brothers grimm.txt, 0.8134, 1.000, 0.9973, 0.2726, 0.5157, 0.6846, 0.02652, 0.000, 0.2167, 0.1014
an imitation of anacreon la fontain.txt, 0.1459, 0.1830, 0.6381, 0.5087, 1.000, 0.8237, 0.6616, 0.6256, 0.000, 0.1410
an old chinese story japanese writer.txt, 0.3732, 0.3814, 0.4006, 0.9534, 0.3129, 0.000, 0.05942, 0.9666, 1.000, 0.7786
anne lisbeth h c andersen.txt, 0.9544, 1.000, 0.2922, 0.5398, 0.7807, 0.3551, 0.8062, 0.000, 0.5075, 0.2687
bearskin brothers grimm.txt, 0.3140, 0.000, 0.06434, 0.4072, 0.6643, 0.2980, 0.6200, 0.3965, 1.000, 0.4932
belphegor addressed to miss de chammelay la fontain.txt, 0.9857, 0.6009, 0.8589, 1.000, 0.6513, 0.4025, 0.5297, 0.4199, 0.000, 0.1558
briar rose brothers grimm.txt, 0.4375, 0.8335, 0.9444, 0.3239, 0.7857, 0.4532, 1.000, 0.6885, 0.000, 0.1692
brides on their trial brothers grimm.txt, 0.5459, 1.000, 0.3816, 0.3677, 0.3684, 0.3805, 0.3463, 0.000, 0.2963, 0.3187
brother lustig brothers grimm.txt, 0.4219, 0.2617, 0.6583, 0.9691, 0.8709, 0.7312, 0.6448, 1.000, 0.3546, 0.000
cat and mouse in partnership brothers grimm.txt, 1.000, 0.9744, 0.1860, 0.000, 0.9770, 0.7908, 0.4141, 0.2919, 0.4295, 0.3986
charming h c andersen.txt, 0.5848, 0.6565, 0.6161, 0.6677, 0.000, 0.3133, 0.5940, 1.000, 0.3055, 0.6274
cinderella brothers grimm.txt, 1.000, 0.2179, 0.03736, 0.000, 0.2977, 0.4558, 0.5274, 0.5079, 0.1952, 0.4616
clever elsie brothers grimm.txt, 0.8639, 0.07268, 0.1787, 0.2462, 0.8693, 0.3606, 0.6081, 1.000, 0.3847, 0.000
clever grethel brothers grimm.txt, 0.8445, 0.2287, 0.6028, 0.3755, 0.6919, 1.000, 0.9495, 0.4860, 0.000, 0.04481
clever hans brothers grimm.txt, 0.3383, 0.000, 0.6069, 0.7528, 0.1640, 1.000, 0.8008, 0.5139, 0.7306, 0.4751
death s messengers brothers grimm.txt, 0.5503, 0.1503, 0.7674, 1.000, 0.4172, 0.4887, 0.7863, 0.4967, 0.5974, 0.000
doctor knowall brothers grimm.txt, 0.8481, 0.1761, 1.000, 0.3691, 0.1649, 0.000, 0.4936, 0.3088, 0.5018, 0.6805
donkey cabbages brothers grimm.txt, 0.7091, 0.5053, 1.000, 0.3765, 0.000, 0.2321, 0.7371, 0.8614, 0.2892, 0.6632
eighth evening h c andersen.txt, 0.2340, 0.4207, 0.5103, 0.4811, 0.000, 0.7949, 0.4724, 1.000, 0.5139, 0.3970
evaporated apples arthur scott bailey.txt, 0.3820, 0.8691, 1.000, 0.7320, 0.5139, 0.4024, 0.000, 0.7349, 0.3829, 0.3695
eve s various children brothers grimm.txt, 0.8416, 0.8389, 0.7230, 0.6898, 0.3722, 0.7689, 0.4865, 0.000, 1.000, 0.9687
everything in its right place h c andersen.txt, 0.000, 0.3516, 0.8108, 0.8894, 0.7778, 0.6737, 1.000, 0.3817, 0.2086, 0.5282
fair katrinelje and pif paf poltrie brothers grimm.txt, 0.000, 0.5200, 0.5838, 0.3683, 0.6984, 0.4315, 0.5380, 1.000, 0.1466, 0.01569
faithful john brothers grimm.txt, 0.000, 0.3754, 0.3324, 1.000, 0.4731, 0.5756, 0.5764, 0.3143, 0.1157, 0.4939
fatty and the green corn arthur scott bailey.txt, 0.2270, 0.3190, 1.000, 0.08335, 0.4925, 0.5915, 0.000, 0.4414, 0.03406, 0.2012
fatty coon and the monster arthur scott bailey.txt, 0.7618, 0.4748, 1.000, 0.7851, 0.9814, 0.9130, 0.000, 0.1707, 0.8560, 0.1535
fatty coon at home arthur scott bailey.txt, 0.4452, 0.3433, 0.4570, 0.4861, 0.3209, 1.000, 0.1756, 0.9651, 0.5211, 0.000
fatty coon goes fishing arthur scott bailey.txt, 0.3718, 1.000, 0.9555, 0.9420, 0.6315, 0.000, 0.5410, 0.5330, 0.3869, 0.4497
fatty coon plays robber arthur scott bailey.txt, 0.8528, 0.5394, 0.7068, 0.000, 0.8158, 0.5537, 0.4788, 1.000, 0.6875, 0.1364
fatty coon s mistake arthur scott bailey.txt, 0.4792, 0.000, 0.3554, 0.7777, 1.000, 0.6383, 0.6459, 0.1970, 0.3451, 0.01232
fatty discovers mrs. turtle s secret arthur scott bailey.txt, 0.000, 0.8596, 1.000, 0.1482, 0.09610, 0.3436, 0.4156, 0.2433, 0.8287, 0.5243
fatty finds the moon arthur scott bailey.txt, 0.9018, 0.8310, 0.9321, 0.7269, 0.09111, 0.1203, 0.000, 0.3706, 0.8377, 1.000
fatty grows even fatter arthur scott bailey.txt, 0.1211, 0.7073, 0.2470, 0.8132, 0.2568, 0.4894, 0.4567, 0.000, 1.000, 0.7604
fatty learns something about eggs arthur scott bailey.txt, 0.7452, 0.7414, 0.1653, 0.9143, 1.000, 0.1251, 0.6851, 0.3375, 0.000, 0.8261
fatty meets jimmy rabbit arthur scott bailey.txt, 0.000, 0.9401, 1.000, 0.3572, 0.4923, 0.2927, 0.2233, 0.1302, 0.4805, 0.2703
fatty visits the smoke house arthur scott bailey.txt, 0.9495, 0.2435, 1.000, 0.5803, 0.7264, 0.8207, 0.1481, 0.2836, 0.1795, 0.000
ferdinand the faithful brothers grimm.txt, 0.8332, 1.000, 0.5739, 0.4132, 0.1234, 0.000, 0.6872, 0.5037, 0.6736, 0.1735
feronde la fontain.txt, 0.4806, 1.000, 0.9861, 0.3480, 0.1545, 0.1001, 0.000, 0.06818, 0.6951, 0.8640
fifth evening h c andersen.txt, 0.1077, 0.3623, 0.000, 0.3943, 0.2567, 0.6941, 0.2948, 0.4810, 1.000, 0.3245
fitcher s bird brothers grimm.txt, 1.000, 0.3754, 0.7506, 0.000, 0.8687, 0.6920, 0.3356, 0.4730, 0.05352, 0.4300
forty fat turkeys arthur scott bailey.txt, 0.000, 0.8402, 0.07215, 1.000, 0.8614, 0.4122, 0.5332, 0.5254, 0.4142, 0.6603
fourteenth evening h c andersen.txt, 0.000, 0.6581, 0.5371, 0.5077, 0.7888, 0.6551, 0.2155, 0.5933, 0.9648, 1.000
fourth evening h c andersen.txt, 0.2933, 1.000, 0.01602, 0.000, 0.6108, 0.2353, 0.2545, 0.4709, 0.1387, 0.3170
frau trude brothers grimm.txt, 0.4993, 1.000, 0.8746, 0.3895, 0.3588, 0.5103, 0.000, 0.1458, 0.9668, 0.5392
frederick and catherine brothers grimm.txt, 0.8554, 0.8351, 0.9399, 0.7147, 1.000, 0.8913, 0.9492, 0.000, 0.5500, 0.7184
friar philip s geese la fontain.txt, 0.04946, 0.4963, 0.5968, 0.6296, 0.5891, 0.000, 0.3107, 0.7252, 1.000, 0.4841
fundevogel bird foundling brothers grimm.txt, 0.9245, 1.000, 0.000, 0.4630, 0.7837, 0.6501, 0.7766, 0.07813, 0.5080, 0.2628
gambling hansel brothers grimm.txt, 0.7498, 0.9375, 0.6433, 0.7964, 1.000, 0.6371, 0.3664, 0.000, 0.2965, 0.4879
godfather death brothers grimm.txt, 1.000, 0.000, 0.8827, 0.2124, 0.4234, 0.04533, 0.6597, 0.2648, 0.8299, 0.7316
going a travelling brothers grimm.txt, 0.9528, 0.1756, 0.06820, 0.8197, 0.8529, 0.6320, 1.000, 0.1737, 0.000, 0.8398
good humour h c andersen.txt, 0.4619, 0.1376, 0.5778, 0.1523, 0.000, 0.3188, 0.8964, 1.000, 0.3865, 0.02956
hans carvel s ring la fontain.txt, 0.1040, 0.000, 0.3824, 0.2080, 0.5327, 0.5321, 0.6223, 0.7469, 1.000, 0.5525
hans in luck brothers grimm.txt, 0.3811, 0.4157, 1.000, 0.2250, 0.7095, 0.4557, 0.4991, 0.1704, 0.08926, 0.000
hans married brothers grimm.txt, 0.7682, 0.3075, 0.8125, 1.000, 0.4014, 0.6272, 0.6337, 0.2766, 0.3546, 0.000
hans the hedgehog brothers grimm.txt, 0.5801, 0.2495, 0.6713, 0.7966, 0.4230, 1.000, 0.000, 0.2083, 0.4692, 0.9078
hansel and grethel brothers grimm.txt, 0.07442, 0.7323, 0.8890, 1.000, 0.6418, 0.5234, 0.7638, 0.2234, 0.000, 0.5726
harisaman indian writer.txt, 0.7306, 0.2507, 0.3330, 0.2853, 0.5895, 0.000, 0.03039, 0.6229, 1.000, 0.3330
herr korbes brothers grimm.txt, 1.000, 0.5464, 0.6679, 0.000, 0.3526, 0.3257, 0.8021, 0.5887, 0.07985, 0.3211
how an old man lost his wen japanese writer.txt, 0.3287, 0.2862, 0.5800, 0.3582, 0.1860, 0.1089, 1.000, 0.02774, 0.000, 0.1303
how six men got on in the world brothers grimm.txt, 0.4382, 1.000, 0.08890, 0.9364, 0.000, 0.5966, 0.5842, 0.7172, 0.6355, 0.3584
how sun moon and wind went out to dinner indian writer.txt, 0.000, 0.8052, 0.8737, 0.4574, 0.3055, 0.5192, 0.4333, 0.4051, 0.1425, 1.000
how the raja s son won the princess labam indian writer.txt, 0.4681, 0.000, 0.2045, 0.3216, 0.9734, 0.8315, 1.000, 0.5448, 0.2740, 0.4827
how the wicked sons were duped indian writer.txt, 0.4314, 0.003931, 0.6905, 0.1934, 0.000, 0.5525, 0.4646, 0.8238, 1.000, 0.3771
ib and christine h c andersen.txt, 0.8572, 0.5053, 0.000, 0.3339, 1.000, 0.4052, 0.9154, 0.9425, 0.8654, 0.6870
in the duck yard h c andersen.txt, 0.4962, 0.3452, 1.000, 0.8739, 0.6773, 0.8134, 0.8260, 0.09081, 0.4537, 0.000
in the uttermost parts of the sea h c andersen.txt, 0.1413, 0.7737, 0.6674, 0.5203, 0.4785, 1.000, 0.6058, 0.7990, 0.000, 0.4904
indianfairytales the boy who had a moon on his forehead and a star on his chin indian writer.txt, 0.000, 0.9120, 0.6253, 0.2471, 0.5376, 0.9426, 0.7533, 0.4968, 1.000, 0.5295
iron john brothers grimm.txt, 0.1377, 0.7312, 0.5592, 0.000, 0.7094, 0.1273, 0.6629, 0.4882, 0.9702, 1.000
jack the dullard an old story told anew h c andersen.txt, 1.000, 0.5552, 0.4905, 0.07192, 0.1162, 0.4646, 0.5292, 0.000, 0.3724, 0.5151
jasper jay tells some news arthur scott bailey.txt, 0.9236, 0.5772, 0.6417, 0.6676, 0.4360, 0.2839, 0.000, 0.6844, 1.000, 0.5564
joconde la fontain.txt, 0.7644, 0.2265, 0.2722, 0.000, 0.6558, 0.6345, 1.000, 0.03397, 0.6312, 0.6780
johnnie green is disappointed arthur scott bailey.txt, 0.1903, 0.000, 0.9256, 0.9254, 0.6291, 0.6862, 0.07365, 0.7066, 0.02674, 1.000
johnnie green loses his pet arthur scott bailey.txt, 0.8224, 0.2186, 0.2095, 0.07573, 0.3856, 0.4795, 0.000, 1.000, 0.1792, 0.6610
jorinda and joringel brothers grimm.txt, 0.03310, 1.000, 0.2949, 0.5232, 0.5734, 0.1862, 0.000, 0.5762, 0.2733, 0.3249
king candaules and the doctor of laws la fontain.txt, 1.000, 0.6409, 0.3970, 0.9509, 0.6079, 0.5283, 0.7645, 0.3089, 0.3047, 0.000
king thrushbeard brothers grimm.txt, 0.2420, 0.2080, 0.1529, 0.000, 0.8674, 0.4270, 0.07191, 1.000, 0.6964, 0.7514
knoist and his three sons brothers grimm.txt, 0.000, 0.4312, 0.03052, 0.1570, 0.2224, 0.5945, 0.01819, 1.000, 0.3783, 0.4695
lazy harry brothers grimm.txt, 0.5889, 0.7681, 0.6066, 0.1606, 1.000, 0.02150, 0.3199, 0.6708, 0.000, 0.4021
lean lisa brothers grimm.txt, 0.5070, 0.8371, 0.6682, 0.6873, 0.9555, 1.000, 0.4385, 0.7506, 0.1043, 0.000
little brother and little sister brothers grimm.txt, 1.000, 0.8467, 0.5036, 0.1520, 0.000, 0.2060, 0.4461, 0.9291, 0.4370, 0.5749
little red cap brothers grimm.txt, 0.9518, 0.1283, 0.6853, 0.9474, 1.000, 0.000, 0.7084, 0.4060, 0.5527, 0.1330
little snow white brothers grimm.txt, 0.2171, 0.5750, 1.000, 0.9312, 0.3261, 0.1669, 0.000, 0.3792, 0.3639, 0.2227
loving laili indian writer.txt, 0.6230, 0.1852, 0.05863, 0.6135, 0.3053, 0.3513, 1.000, 0.4601, 0.09175, 0.000
maid maleen brothers grimm.txt, 0.9600, 0.8752, 1.000, 0.7915, 0.3876, 0.7110, 0.000, 0.02117, 0.4410, 0.8923
master pfriem master cobbler s awl brothers grimm.txt, 0.03706, 0.6007, 0.4303, 0.1995, 0.5209, 0.000, 0.3830, 0.6268, 0.4611, 1.000
momotaro or the story of the son of a peach japanese writer.txt, 1.000, 0.4208, 0.8281, 0.2679, 0.1961, 0.000, 0.2477, 0.4926, 0.2232, 0.4464
mother holle brothers grimm.txt, 0.5311, 0.2568, 0.4019, 1.000, 0.5679, 0.7067, 0.6516, 0.000, 0.5011, 0.5128
mrs. tiggy winkle s beatrix potter.txt, 0.2432, 0.06126, 0.8789, 0.9885, 1.000, 0.000, 0.5070, 0.9262, 0.9622, 0.3866
my lord bag of rice japanese writer.txt, 0.3880, 0.4885, 0.000, 0.5239, 0.9860, 0.2418, 0.7579, 0.8407, 0.6957, 1.000
neighbour peter s mare la fontain.txt, 0.8444, 0.9680, 0.1564, 0.7308, 0.4673, 1.000, 0.000, 0.3538, 0.08081, 0.5062
nicaise la fontain.txt, 0.8087, 0.9741, 1.000, 0.01932, 0.5608, 0.9210, 0.4640, 0.000, 0.02715, 0.2167
nineteenth evening h c andersen.txt, 0.1063, 0.4216, 0.5530, 0.1942, 0.1904, 1.000, 0.6933, 0.000, 0.5338, 0.1586
ninth evening h c andersen.txt, 0.9008, 0.9590, 0.6457, 0.4420, 0.2438, 0.8014, 0.5051, 0.000, 1.000, 0.7276
odds and ends brothers grimm.txt, 0.3137, 0.2240, 0.000, 0.8946, 1.000, 0.9095, 0.5526, 0.5288, 0.3617, 0.5103
old rinkrank brothers grimm.txt, 0.6599, 0.4654, 0.9688, 0.7058, 0.6014, 0.000, 0.4508, 0.5167, 0.2727, 1.000
old sultan brothers grimm.txt, 0.2965, 0.5541, 0.3563, 0.4458, 0.7366, 0.000, 0.4528, 0.2769, 0.1754, 1.000
ole the tower keeper h c andersen.txt, 0.000, 0.6957, 0.6179, 1.000, 0.8881, 0.3142, 0.7852, 0.9594, 0.4856, 0.7806
one eye two eyes and three eyes brothers grimm.txt, 0.2048, 0.000, 0.8968, 0.3085, 0.4858, 0.1440, 0.7843, 0.4449, 0.6653, 1.000
our lady s child brothers grimm.txt, 1.000, 0.8707, 0.1580, 0.2542, 0.3436, 0.5794, 0.4934, 0.000, 0.2413, 0.1978
prince ahmed and the fairy arabian writer.txt, 0.3594, 1.000, 0.3574, 0.6030, 0.7134, 0.9662, 0.4911, 0.7947, 0.5690, 0.000
prince beder and the princess giauhara arabian writer.txt, 0.6271, 0.000, 0.5952, 0.5990, 0.8540, 1.000, 0.1542, 0.4578, 0.4464, 0.3523
prince camaralzaman and the princess of china arabian writer.txt, 0.9261, 0.5657, 0.3575, 0.000, 0.6628, 0.6293, 0.9046, 1.000, 0.9612, 0.6604
punchkin indian writer.txt, 0.8059, 0.4835, 0.4745, 0.000, 1.000, 0.7700, 0.9554, 0.8990, 0.9511, 0.06073
raja rasalu indian writer.txt, 1.000, 0.6897, 0.4451, 0.000, 0.4404, 0.6676, 0.2888, 0.1214, 0.2228, 0.3177
rapunzel brothers grimm.txt, 1.000, 0.000, 0.1531, 0.6448, 0.5453, 0.2106, 0.5172, 0.1415, 0.09545, 0.2017
richard minutolo la fontain.txt, 1.000, 0.6247, 0.8723, 0.2502, 0.4298, 0.02929, 0.3857, 0.000, 0.5485, 0.6919
rumpelstiltskin brothers grimm.txt, 0.7184, 0.02373, 0.3586, 0.9630, 0.6719, 0.4273, 0.1898, 0.000, 1.000, 0.06275
samurai japanese writer.txt, 0.1278, 0.02886, 0.4084, 0.3827, 0.6129, 0.4791, 0.000, 0.2752, 0.8797, 1.000
seventh evening h c andersen.txt, 0.6950, 0.000, 0.8353, 0.6772, 0.5299, 1.000, 0.2565, 0.5977, 0.6178, 0.5178
sharing joy and sorrow brothers grimm.txt, 0.7475, 0.3680, 0.9779, 0.2096, 0.000, 0.8674, 1.000, 0.1449, 0.4636, 0.8243
she was good for nothing h c andersen.txt, 0.3669, 0.5104, 0.2701, 0.4943, 0.4095, 0.9381, 0.2849, 0.000, 1.000, 0.6305
simeli mountain brothers grimm.txt, 0.6739, 0.5549, 0.6818, 1.000, 0.5351, 0.8658, 0.6369, 0.9443, 0.4843, 0.000
sister jane la fontain.txt, 0.000, 0.8414, 0.1953, 0.2427, 0.4734, 0.4878, 0.6011, 0.4200, 0.6788, 1.000
snow white and rose red brothers grimm.txt, 0.5160, 1.000, 0.05237, 0.3821, 0.3949, 0.000, 0.3164, 0.3337, 0.2165, 0.6008
something h c andersen.txt, 0.5564, 0.6589, 0.4368, 1.000, 0.7811, 0.2614, 0.4731, 0.7509, 0.4163, 0.000
soup on a sausage peg h c andersen.txt, 0.8039, 1.000, 0.4258, 0.09911, 0.5750, 0.3149, 0.6561, 0.4644, 0.000, 0.1903
st. julian s prayer la fontain.txt, 0.6246, 0.1723, 0.000, 0.2804, 0.9317, 0.8107, 1.000, 0.9533, 0.6415, 0.4776
stories about snakes brothers grimm.txt, 0.4768, 0.4712, 1.000, 0.8050, 0.8107, 0.5308, 0.8111, 0.4235, 0.3134, 0.000
strong hans brothers grimm.txt, 0.8789, 0.5939, 0.6968, 1.000, 0.4243, 0.000, 0.4940, 0.4612, 0.1237, 0.6729
sweet porridge brothers grimm.txt, 0.09631, 0.4811, 0.4590, 0.5841, 0.6617, 1.000, 0.2980, 0.000, 0.1255, 0.2966
sweetheart roland brothers grimm.txt, 0.8556, 0.4290, 0.6077, 0.000, 0.8101, 0.6653, 0.2586, 1.000, 0.7042, 0.9659
tenth evening h c andersen.txt, 0.7019, 0.5558, 0.7752, 0.5742, 0.9374, 0.2820, 0.2464, 1.000, 0.4730, 0.000
the adventures of kintaro the golden boy japanese writer.txt, 0.3189, 0.9959, 0.06191, 0.4080, 0.5978, 0.5536, 0.5571, 0.000, 0.7612, 1.000
the amorous courtesan la fontain.txt, 0.6797, 0.7986, 0.7743, 0.4050, 0.5188, 0.7606, 0.000, 0.3608, 0.9708, 1.000
the avaricious wife and tricking gallant la fontain.txt, 0.4318, 0.4485, 0.3328, 0.4417, 1.000, 0.4183, 0.5501, 0.6925, 0.1133, 0.000
the bamboo cutter and the moon child japanese writer.txt, 1.000, 0.4591, 0.5555, 0.3805, 0.4551, 0.2974, 0.08151, 0.000, 0.3717, 0.2482
the barber shop again arthur scott bailey.txt, 0.2620, 0.7992, 0.9334, 0.5570, 0.4366, 0.2490, 0.4726, 0.000, 0.2279, 1.000
the beetle h c andersen.txt, 1.000, 0.05609, 0.3571, 0.4699, 0.000, 0.1870, 0.7609, 0.2665, 0.3936, 0.5595
the bell deep h c andersen.txt, 0.1574, 1.000, 0.4577, 0.4738, 0.3048, 0.5564, 0.2320, 0.2366, 0.000, 0.3304
the blue light brothers grimm.txt, 0.1267, 0.1543, 0.2156, 0.1840, 0.5653, 0.3955, 1.000, 0.5784, 0.8664, 0.000
the bond of friendship h c andersen.txt, 0.6911, 0.5590, 0.5379, 0.4840, 0.6634, 0.8188, 0.3871, 1.000, 0.4191, 0.000
the boots of buffalo leather brothers grimm.txt, 0.5008, 0.1784, 0.4011, 0.2432, 0.000, 0.4581, 1.000, 0.4338, 0.4129, 0.3520
the bottle neck h c andersen.txt, 0.000, 0.9570, 0.8471, 0.6141, 0.1509, 0.4519, 1.000, 0.3429, 0.05930, 0.1103
the boy who had a moon on his forehead and a star on his chin indian writer.txt, 0.000, 0.9120, 0.6253, 0.2471, 0.5376, 0.9426, 0.7533, 0.4968, 1.000, 0.5295
the bremen town musicians brothers grimm.txt, 1.000, 0.9334, 0.4474, 0.9991, 0.9773, 0.7108, 0.8613, 0.9143, 0.7274, 0.000
the bright sun brings it to light brothers grimm.txt, 0.3275, 0.3226, 0.3600, 0.5710, 1.000, 0.3091, 0.000, 0.3441, 0.5342, 0.5120
the broken pot indian writer.txt, 0.2780, 0.000, 0.4438, 0.2308, 1.000, 0.8777, 0.7955, 0.5194, 0.001863, 0.5055
the bucking tub la fontain.txt, 0.2191, 0.03571, 0.3409, 0.3701, 0.4714, 0.000, 1.000, 0.7853, 0.1419, 0.4334
the butterfly h c andersen.txt, 0.4944, 0.000, 0.4878, 1.000, 0.3943, 0.8060, 0.7687, 0.4275, 0.9322, 0.7109
the case of conscience la fontain.txt, 0.6985, 0.4591, 0.8901, 0.6204, 0.4374, 0.6576, 0.000, 0.5425, 1.000, 0.3512
the charmed ring indian writer.txt, 0.2696, 0.7126, 0.4319, 1.000, 0.7006, 0.8007, 0.7198, 0.000, 0.2152, 0.1711
the child in the grave h c andersen.txt, 0.8827, 0.2402, 0.2854, 1.000, 0.5243, 0.3238, 0.7136, 0.000, 0.1033, 0.7859
the clyster la fontain.txt, 0.7124, 0.9267, 0.6857, 0.8534, 0.9979, 1.000, 0.4783, 0.5861, 0.4232, 0.000
the cobbler la fontain.txt, 0.5767, 0.1820, 0.7188, 0.8370, 0.000, 0.6653, 0.3882, 0.3018, 0.3846, 1.000
the contract la fontain.txt, 0.1916, 0.5903, 0.5238, 1.000, 0.5678, 0.5484, 0.5284, 0.3323, 0.000, 0.2279
the convent gardener of lamporechio la fontain.txt, 0.4853, 1.000, 0.1708, 0.5249, 0.000, 0.3181, 0.3831, 0.4459, 0.4421, 0.8028
the country justice la fontain.txt, 0.3926, 0.8810, 0.7752, 0.6510, 0.2344, 0.2901, 0.7620, 1.000, 0.7985, 0.000
the countryman who sought his calf la fontain.txt, 0.1510, 0.000, 0.6452, 0.3733, 1.000, 0.6478, 0.5112, 0.5521, 0.5490, 0.3694
the cradle la fontain.txt, 1.000, 0.5751, 0.000, 0.3678, 0.4593, 0.2316, 0.4354, 0.4370, 0.01124, 0.3408
the cruel crane outwitted indian writer.txt, 1.000, 0.8253, 0.8100, 0.6531, 0.9335, 0.2514, 0.4722, 0.5348, 0.000, 0.5499
the crumbs on the table brothers grimm.txt, 1.000, 0.9676, 0.8497, 0.7748, 0.7604, 0.8253, 0.03743, 0.1248, 0.000, 0.7149
the crystal ball brothers grimm.txt, 1.000, 0.06093, 0.000, 0.1984, 0.02416, 0.2448, 0.1960, 0.1102, 0.3538, 0.5602
the cudgelled and contented cuckold la fontain.txt, 0.7433, 1.000, 0.4840, 0.7473, 0.2995, 0.5202, 0.5065, 0.1872, 0.000, 0.8014
the cunning little tailor brothers grimm.txt, 0.5729, 0.6818, 1.000, 0.7301, 0.4289, 0.1320, 0.4432, 0.000, 0.9663, 0.6014
the death of the little hen brothers grimm.txt, 0.3201, 0.03732, 0.8205, 1.000, 0.6583, 0.1132, 0.2703, 0.1967, 0.5357, 0.000
the demon with the matted hair indian writer.txt, 0.9496, 1.000, 0.5183, 0.3369, 0.000, 0.2483, 0.3643, 0.4315, 0.8191, 0.8980
the devil and his grandmother brothers grimm.txt, 0.3272, 0.2631, 0.4429, 1.000, 0.3542, 0.3135, 0.7308, 0.5039, 0.9590, 0.000
the devil in hell la fontain.txt, 0.3150, 1.000, 0.9308, 0.8809, 0.1977, 0.6457, 0.000, 0.4544, 0.7006, 0.6706
the devil of pope fig island la fontain.txt, 0.7828, 0.3902, 0.6276, 1.000, 0.5810, 0.5536, 0.6619, 0.1026, 0.1644, 0.000
the devil s sooty brother brothers grimm.txt, 0.2098, 0.4570, 0.7200, 0.3786, 1.000, 0.3443, 0.000, 0.1075, 0.09707, 0.7354
the devil with the three golden hairs brothers grimm.txt, 0.4507, 0.6837, 0.2319, 0.8628, 0.1420, 0.9805, 0.000, 1.000, 0.6785, 0.4574
the ditmarsch tale of wonders brothers grimm.txt, 0.4718, 0.000, 0.4299, 0.1655, 0.6347, 0.2901, 1.000, 0.6176, 0.6378, 0.3309
the dog and the sparrow brothers grimm.txt, 0.7108, 0.9555, 0.9906, 0.5974, 0.4642, 0.000, 0.5535, 1.000, 0.1069, 0.2280
the donkey brothers grimm.txt, 0.6114, 1.000, 0.7138, 0.04000, 0.07509, 0.4033, 0.5178, 0.1783, 0.6868, 0.000
the dress maker la fontain.txt, 0.6505, 0.3613, 0.8840, 1.000, 0.8034, 0.1031, 0.000, 0.4869, 0.5352, 0.5957
the drummer brothers grimm.txt, 0.5254, 0.000, 0.2852, 0.8969, 0.5246, 0.5028, 0.3536, 1.000, 0.8272, 0.7741
the dumb book h c andersen.txt, 0.3236, 0.7852, 0.4128, 0.08572, 0.3498, 0.4830, 0.000, 1.000, 0.4500, 0.3800
the duration of life brothers grimm.txt, 0.2761, 0.5403, 0.3262, 0.3448, 0.4321, 0.4986, 0.3582, 0.000, 1.000, 0.3558
the ear maker and the mould mender la fontain.txt, 0.000, 0.6567, 0.5915, 0.4274, 0.5513, 0.4769, 0.1165, 0.4940, 1.000, 0.6915
the ear of corn brothers grimm.txt, 0.000, 1.000, 0.6025, 0.6352, 0.9775, 0.4139, 0.5853, 0.9616, 0.4262, 0.08589
the eel pie la fontain.txt, 0.7475, 0.7246, 0.3830, 0.5004, 0.3304, 0.000, 0.4358, 0.5433, 1.000, 0.4807
the elves brothers grimm.txt, 0.000, 0.3930, 0.4957, 0.6430, 0.7750, 0.7430, 0.9158, 1.000, 0.7297, 0.2276
the ephesian matron la fontain.txt, 0.3427, 0.5200, 0.2736, 0.000, 0.2291, 0.5574, 0.3746, 1.000, 0.1409, 0.6016
the falcon la fontain.txt, 0.000, 0.3354, 0.4809, 0.2628, 1.000, 0.1330, 0.07813, 0.3595, 0.2417, 0.1015
the farmer and the badger japanese writer.txt, 0.5385, 0.02824, 0.7168, 0.2341, 0.000, 1.000, 0.2589, 0.03438, 0.5065, 0.01558
the farmyard cock and the weathercock h c andersen.txt, 0.4309, 0.3364, 0.4448, 1.000, 0.5044, 0.3752, 0.3028, 0.6002, 0.1007, 0.000
the fifth voyage of sinbad the sailor arabian writer.txt, 0.6710, 0.3687, 0.000, 0.2721, 0.01458, 0.1692, 0.5090, 1.000, 0.3539, 0.6224
the first voyage of sinbad the sailor arabian writer.txt, 0.2050, 0.5256, 0.4904, 0.7174, 0.5653, 1.000, 0.7315, 0.000, 0.6153, 0.6085
the fisherman and his wife brothers grimm.txt, 0.3358, 0.9271, 0.7204, 1.000, 0.6776, 0.000, 0.8269, 0.5147, 0.7966, 0.3281
the flail from heaven brothers grimm.txt, 0.6883, 0.7697, 0.4549, 0.6367, 0.9701, 0.4854, 0.6646, 0.2716, 1.000, 0.000
the four skilful brothers brothers grimm.txt, 0.6943, 0.2083, 0.7241, 1.000, 0.5532, 0.8999, 0.8847, 0.000, 0.6475, 0.3537
the fourth voyage of sinbad the sailor arabian writer.txt, 1.000, 0.6561, 0.9448, 0.7220, 0.8558, 0.7867, 0.4222, 0.000, 0.5926, 0.7413
the fox and his cousin brothers grimm.txt, 0.1878, 0.5958, 0.4889, 1.000, 0.3088, 0.3763, 0.2865, 0.4789, 0.000, 0.5737
the fox and the cat brothers grimm.txt, 0.3280, 0.4074, 1.000, 0.000, 0.6449, 0.7511, 0.6280, 0.6662, 0.3701, 0.7483
the fox and the geese brothers grimm.txt, 0.2558, 0.5055, 0.3956, 0.6606, 1.000, 0.000, 0.5541, 0.3402, 0.2253, 0.9534
the fox and the horse brothers grimm.txt, 0.5157, 0.4274, 1.000, 0.6604, 0.3100, 0.4676, 0.000, 0.8255, 0.5223, 0.1414
the frog king or iron henry brothers grimm.txt, 0.8533, 0.000, 0.3660, 0.3285, 0.1446, 0.08559, 0.4217, 0.1944, 1.000, 0.5865
the gascon la fontain.txt, 0.5105, 0.4603, 0.6340, 0.4285, 0.9734, 0.000, 0.9928, 0.4665, 1.000, 0.1925
the gascon punished la fontain.txt, 1.000, 0.5907, 0.4676, 0.7850, 0.9791, 0.000, 0.009321, 0.1791, 0.3573, 0.3638
the giant and the tailor brothers grimm.txt, 0.3586, 0.8442, 0.4961, 1.000, 0.000, 0.7697, 0.7039, 0.4323, 0.8670, 0.5708
the girl who trod on the loaf h c andersen.txt, 0.6117, 0.2470, 0.9742, 0.8935, 0.000, 0.5957, 0.3495, 0.9813, 0.9363, 1.000
the girl without hands brothers grimm.txt, 0.3402, 0.000, 0.5076, 0.5666, 0.4786, 0.5838, 0.4164, 0.5726, 0.3239, 1.000
the glass coffin brothers grimm.txt, 0.3095, 0.2983, 0.1392, 0.4968, 1.000, 0.3437, 0.6570, 0.4779, 0.000, 0.9904
the glutton la fontain.txt, 0.000, 0.6386, 0.3293, 0.5683, 0.8629, 0.9263, 0.3707, 0.3996, 1.000, 0.2687
the gnome brothers grimm.txt, 1.000, 0.8888, 0.9929, 0.05926, 0.000, 0.4799, 0.4227, 0.3050, 0.4499, 0.3923
the goblin and the huckster h c andersen.txt, 0.1497, 0.6698, 0.5891, 0.000, 1.000, 0.3759, 0.1616, 0.3329, 0.2753, 0.1437
the goblin of adachigahara japanese writer.txt, 0.9679, 0.5377, 0.8626, 0.4749, 1.000, 0.3861, 0.7457, 0.1983, 0.000, 0.3204
the godfather brothers grimm.txt, 0.3523, 0.8327, 0.6080, 0.8167, 1.000, 0.4996, 0.1680, 0.1211, 0.3763, 0.000
the gold children brothers grimm.txt, 0.2923, 0.5105, 1.000, 0.001194, 0.2543, 0.4237, 0.5762, 0.5445, 0.000, 0.4652
the gold giving serpent indian writer.txt, 0.4882, 0.6205, 0.4245, 0.7773, 1.000, 0.000, 0.2599, 0.1736, 0.3381, 0.2263
the golden bird brothers grimm.txt, 1.000, 0.6168, 0.3004, 0.03184, 0.3340, 0.3453, 0.1073, 0.7274, 0.000, 0.4200
the golden goose brothers grimm.txt, 0.5935, 0.4573, 0.5131, 0.02676, 1.000, 0.8192, 0.1686, 0.06980, 0.000, 0.6224
the golden key brothers grimm.txt, 0.3457, 0.4107, 0.000, 1.000, 0.3781, 0.6497, 0.07821, 0.09613, 0.7939, 0.3430
the good bargain brothers grimm.txt, 0.2053, 0.2135, 0.000, 0.9699, 1.000, 0.5275, 0.8717, 0.4989, 0.8207, 0.7626
the goose girl at the well brothers grimm.txt, 0.8231, 0.5993, 0.3143, 0.6906, 0.1647, 0.4668, 0.5917, 0.000, 0.7924, 1.000
the goose girl brothers grimm.txt, 0.9514, 0.3965, 0.7375, 0.9356, 0.4131, 0.3419, 0.1801, 0.000, 0.4751, 1.000
the grave mound brothers grimm.txt, 0.5523, 0.6593, 1.000, 0.6256, 0.2639, 0.2039, 0.4261, 0.1100, 0.000, 0.6963
the griffin brothers grimm.txt, 0.6886, 0.3031, 0.4663, 1.000, 0.5677, 0.2271, 0.1644, 0.000, 0.08858, 0.1766
the happy hunter and the skillful fisher japanese writer.txt, 0.6634, 0.7306, 0.7273, 1.000, 0.3779, 0.3790, 0.000, 0.7915, 0.7426, 0.9572
the hare and the hedgehog brothers grimm.txt, 0.8708, 0.6049, 0.6844, 0.1758, 0.8414, 1.000, 0.02723, 0.6776, 0.000, 0.7735
the hare s bride brothers grimm.txt, 0.6607, 0.5582, 0.7112, 0.6362, 0.5306, 0.000, 1.000, 0.7509, 0.3411, 0.2792
the hermit la fontain.txt, 0.5112, 0.8155, 0.03441, 0.8197, 0.08744, 0.000, 0.09013, 0.7337, 0.6751, 1.000
the husband confessor la fontain.txt, 0.7477, 0.05770, 0.6393, 1.000, 0.8882, 0.3981, 0.5592, 0.000, 0.6480, 0.03887
the hut in the forest brothers grimm.txt, 0.3375, 0.1495, 0.2181, 0.5498, 0.2485, 0.4160, 1.000, 0.000, 0.9312, 0.7655
the impossible thing la fontain.txt, 0.3491, 0.1682, 0.000, 1.000, 0.3904, 0.4578, 0.3526, 0.4004, 0.4514, 0.1895
the indiscreet confessions la fontain.txt, 0.4320, 0.9293, 0.6900, 0.2356, 0.9275, 0.7877, 1.000, 0.05526, 0.000, 0.06429
the iron stove brothers grimm.txt, 0.2489, 0.6749, 0.000, 0.6686, 0.5394, 1.000, 0.7066, 0.6262, 0.3110, 0.5196
the ivory city and its fairy princess indian writer.txt, 0.7131, 1.000, 0.2763, 0.5906, 0.4037, 0.8581, 0.5444, 0.2909, 0.000, 0.9571
the jealous husband la fontain.txt, 0.6137, 0.5217, 0.6189, 0.3548, 0.9060, 0.8607, 0.4297, 0.000, 1.000, 0.5289
the jelly fish and the monkey japanese writer.txt, 0.3364, 1.000, 0.06840, 0.2096, 0.4064, 0.3325, 0.03606, 0.000, 0.1204, 0.1883
the jew among thorns brothers grimm.txt, 0.7864, 0.9015, 1.000, 0.8860, 0.000, 0.4884, 0.2304, 0.4852, 0.8708, 0.5167
the juniper tree brothers grimm.txt, 0.7466, 0.9962, 0.3027, 0.5026, 0.9203, 0.6917, 0.7098, 0.000, 1.000, 0.4964
the king of persia and the princess of the sea arabian writer.txt, 1.000, 0.7900, 0.7175, 0.000, 0.9371, 0.7212, 0.1636, 0.5075, 0.4738, 0.5023
the king of the golden mountain brothers grimm.txt, 0.5433, 1.000, 0.4546, 0.4018, 0.5863, 0.6477, 0.4593, 0.4471, 0.2999, 0.000
the king s son who feared nothing brothers grimm.txt, 0.004035, 0.8230, 0.3204, 1.000, 0.1454, 0.3649, 0.7837, 0.000, 0.09683, 0.4777
the knapsack the hat and the horn brothers grimm.txt, 1.000, 0.7795, 0.6217, 0.000, 0.5452, 0.3530, 0.4822, 0.6910, 0.7282, 0.3098
the lambikin indian writer.txt, 1.000, 0.4111, 0.2594, 0.4910, 0.6822, 0.7572, 0.4916, 0.02508, 0.000, 0.1830
the lambkin and the little fish brothers grimm.txt, 0.4146, 0.5537, 0.2923, 0.06910, 0.2864, 0.3499, 0.000, 0.7704, 0.8666, 1.000
the lazy spinner brothers grimm.txt, 0.9030, 1.000, 0.4888, 0.8022, 0.8210, 0.8411, 0.000, 0.9792, 0.7192, 0.7445
the little bell la fontain.txt, 0.5148, 0.6618, 0.7254, 1.000, 0.7821, 0.000, 0.9188, 0.4761, 0.7522, 0.3669
the little dog la fontain.txt, 0.8160, 1.000, 0.3216, 0.6615, 0.3848, 0.6958, 0.000, 0.1620, 0.6863, 0.5908
the little folks presents brothers grimm.txt, 1.000, 0.7272, 0.6111, 0.000, 0.2438, 0.4656, 0.7198, 0.2956, 0.1142, 0.1701
the little peasant brothers grimm.txt, 1.000, 0.5232, 0.7867, 0.7907, 0.000, 0.4563, 0.8022, 0.5404, 0.4481, 0.4518
the loggers come arthur scott bailey.txt, 0.4120, 0.3526, 0.4379, 0.8190, 0.7455, 1.000, 0.3454, 0.000, 0.9236, 0.5158
the loss of the talisman arabian writer.txt, 0.9471, 0.3293, 0.8349, 0.4702, 0.8158, 1.000, 0.2919, 0.000, 0.4526, 0.5647
the louse and the flea brothers grimm.txt, 0.000, 0.3396, 0.6712, 0.4894, 0.5345, 0.7639, 0.6786, 0.4837, 1.000, 0.4503
the magic fiddle indian writer.txt, 0.6977, 0.5298, 0.000, 0.4117, 0.2766, 0.4381, 0.3646, 1.000, 0.02497, 0.3652
the magick cup la fontain.txt, 0.000, 0.8615, 0.8212, 1.000, 0.9100, 0.7008, 0.9099, 0.08397, 0.1536, 0.3713
the magnificent la fontain.txt, 0.4439, 1.000, 0.4260, 0.000, 0.1648, 0.3903, 0.4285, 0.3291, 0.6858, 0.8743
the maid of brakel brothers grimm.txt, 0.000, 0.3355, 0.5758, 0.6567, 0.9877, 0.7593, 0.04904, 1.000, 0.2014, 0.6820
the mandrake la fontain.txt, 0.1948, 0.3080, 0.4163, 1.000, 0.1658, 0.000, 0.2075, 0.4245, 0.006159, 0.08115
the marsh king s daughter h c andersen.txt, 0.000, 0.7142, 0.8693, 0.3847, 0.1746, 0.1381, 0.4742, 0.3233, 1.000, 0.6102
the master thief brothers grimm.txt, 0.9628, 0.8160, 0.7227, 0.3884, 0.9081, 1.000, 0.4353, 0.000, 0.8558, 0.2725
the monks of catalonia la fontain.txt, 0.9912, 0.1548, 0.8155, 0.6376, 1.000, 0.5335, 0.2922, 0.000, 0.2511, 0.08730
the moon brothers grimm.txt, 1.000, 0.7311, 0.01411, 0.6435, 0.3326, 0.7463, 0.000, 0.8733, 0.5559, 0.4466
the mouse the bird and the sausage brothers grimm.txt, 0.8051, 0.2690, 0.6523, 0.8296, 0.1791, 0.8663, 0.1259, 1.000, 0.07945, 0.000
the muleteer la fontain.txt, 0.1302, 0.2598, 0.2437, 0.008976, 0.3806, 1.000, 0.3415, 0.1391, 0.000, 0.4025
the nail brothers grimm.txt, 1.000, 0.8362, 0.5967, 0.9251, 0.2600, 0.6847, 0.5798, 0.8010, 0.8017, 0.000
the nightingale la fontain.txt, 0.5534, 0.8673, 0.3143, 0.4233, 0.3986, 0.000, 1.000, 0.5297, 0.1916, 0.6738
the nix of the mill pond brothers grimm.txt, 0.8402, 0.6259, 0.6900, 0.4896, 0.6260, 1.000, 0.5680, 0.000, 0.5800, 0.6322
the ogre of rashomon japanese writer.txt, 0.7441, 0.08360, 0.8008, 0.06804, 0.5407, 0.7472, 1.000, 0.7001, 0.000, 0.4760
the old bachelor s nightcap h c andersen.txt, 0.000, 0.7554, 0.2091, 0.6627, 0.5648, 1.000, 0.2917, 0.4695, 0.7119, 0.8445
the old gravestone h c andersen.txt, 0.7922, 0.000, 0.1373, 0.2641, 0.6083, 0.3394, 0.3126, 0.009731, 0.4458, 1.000
the old man and his grandson brothers grimm.txt, 0.2315, 0.04363, 0.6747, 0.2844, 0.1960, 0.000, 1.000, 0.7112, 0.6205, 0.1147
the old man s calendar la fontain.txt, 0.9612, 0.7397, 1.000, 0.5859, 0.5477, 0.3830, 0.6765, 0.000, 0.8230, 0.6360
the old woman in the wood brothers grimm.txt, 0.000, 0.5269, 0.5292, 0.5334, 1.000, 0.3517, 0.4280, 0.4496, 0.9604, 0.7715
the owl brothers grimm.txt, 1.000, 0.3684, 0.4336, 0.1275, 0.5165, 0.8782, 0.000, 0.6243, 0.3200, 0.6156
the pack of ragamuffins brothers grimm.txt, 0.7652, 0.7271, 0.000, 0.2344, 0.4254, 0.8094, 0.9309, 1.000, 0.5610, 0.2467
the peasant and his angry lord la fontain.txt, 0.000, 0.7282, 0.3985, 0.7585, 0.5523, 0.5228, 0.5305, 1.000, 0.9671, 0.4020
the peasant and the devil brothers grimm.txt, 0.02502, 1.000, 0.1954, 0.2656, 0.5412, 0.3430, 0.5157, 0.1630, 0.5454, 0.000
the peasant in heaven brothers grimm.txt, 0.000, 0.7494, 0.6958, 1.000, 0.6091, 0.7940, 0.7998, 0.1350, 0.8837, 0.8182
the peasant s wise daughter brothers grimm.txt, 0.4975, 0.4753, 0.2631, 0.000, 1.000, 0.4621, 0.3492, 0.1439, 0.5528, 0.7126
the pen and inkstand h c andersen.txt, 0.3440, 0.6988, 0.3270, 0.4482, 0.4248, 1.000, 0.5388, 0.2341, 0.000, 0.5673
the phoenix bird h c andersen.txt, 0.5903, 0.7689, 0.7141, 1.000, 0.7280, 0.6750, 0.6908, 0.1042, 0.4716, 0.000
the picture la fontain.txt, 0.2436, 0.2744, 0.1669, 1.000, 0.9959, 0.3285, 0.3275, 0.3423, 0.5717, 0.000
the pie and the patty pan beatrix potter.txt, 0.4423, 0.000, 1.000, 0.9028, 0.8101, 0.5164, 0.8917, 0.5448, 0.9599, 0.6204
the pigeon and the crow indian writer.txt, 0.4385, 0.4995, 0.03164, 1.000, 0.09669, 0.2788, 0.4844, 0.1381, 0.000, 0.3827
the pigs h c andersen.txt, 0.4113, 0.000, 1.000, 0.2033, 0.6346, 0.4383, 0.3207, 0.2108, 0.6534, 0.4773
the pink brothers grimm.txt, 0.7118, 0.6204, 0.3783, 0.1377, 0.5603, 0.4506, 0.2356, 0.8031, 0.000, 1.000
the poor boy in the grave brothers grimm.txt, 0.5685, 0.4022, 0.0005172, 0.8181, 0.4220, 0.3443, 0.02620, 1.000, 0.000, 0.6571
the poor man and the rich man brothers grimm.txt, 0.5251, 0.1735, 0.6238, 0.4201, 1.000, 0.3646, 0.5683, 0.000, 0.5126, 0.1505
the poor miller s boy and the cat brothers grimm.txt, 0.000, 0.2280, 1.000, 0.3270, 0.07635, 0.7011, 0.4986, 0.5626, 0.6355, 0.6357
the prince and the fakir indian writer.txt, 0.6436, 0.5046, 1.000, 0.7201, 0.2637, 0.000, 0.7153, 0.4936, 0.4013, 0.1936
the princess betrothed to the king of garba la fontain.txt, 0.8041, 0.3502, 0.3049, 0.4718, 0.000, 0.5192, 1.000, 0.8883, 0.4169, 0.6721
the progress of wit la fontain.txt, 0.5382, 0.7550, 0.6189, 1.000, 0.4088, 0.6474, 0.4214, 0.4536, 0.000, 0.5180
the psalter la fontain.txt, 0.2160, 1.000, 0.2018, 0.5418, 0.000, 0.2864, 0.6262, 0.5801, 0.3887, 0.1393
the puppet showman h c andersen.txt, 0.7220, 0.7834, 0.6008, 0.000, 0.6867, 0.9990, 1.000, 0.4485, 0.4129, 0.4397
the quarrel of tee monkey and the crab japanese writer.txt, 0.5974, 0.8514, 0.5981, 0.2813, 0.5726, 0.3865, 0.5267, 1.000, 0.8999, 0.000
the queen bee brothers grimm.txt, 0.1914, 0.4269, 0.3257, 0.3515, 0.000, 0.9644, 0.2791, 0.4726, 0.5228, 1.000
the quid pro quo or the mistakes la fontain.txt, 0.7364, 0.5747, 0.4286, 0.2418, 0.1905, 0.000, 0.4311, 0.4998, 1.000, 0.1640
the raven brothers grimm.txt, 1.000, 0.9549, 0.4964, 0.000, 0.7528, 0.3027, 0.6740, 0.2646, 0.1937, 0.5460
the rhemese la fontain.txt, 0.3308, 0.1725, 1.000, 0.1912, 0.4188, 0.000, 0.1339, 0.2884, 0.5225, 0.1803
the riddle brothers grimm.txt, 0.8390, 0.4672, 0.9312, 0.4736, 0.4400, 1.000, 0.4367, 0.4876, 0.000, 0.4353
the river scamander la fontain.txt, 0.5569, 0.05103, 1.000, 0.1360, 0.005603, 0.000, 0.2555, 0.4297, 0.8642, 0.3716
the robber bridegroom brothers grimm.txt, 0.2205, 0.2714, 0.9236, 0.9068, 1.000, 0.4344, 0.000, 0.8912, 0.4606, 0.2125
the roly poly pudding beatrix potter.txt, 0.9230, 0.3051, 0.4915, 0.6555, 1.000, 0.2290, 0.5807, 0.000, 0.8537, 0.4238
the sagacious monkey and the boar japanese writer.txt, 0.6311, 0.000, 0.3285, 0.7478, 0.4780, 1.000, 0.8598, 0.6967, 0.9876, 0.9053
the sea hare brothers grimm.txt, 0.1550, 1.000, 0.3727, 0.3616, 0.2793, 0.2491, 0.5239, 0.7307, 0.000, 0.9115
the second voyage of sinbad the sailor arabian writer.txt, 1.000, 0.01675, 0.4688, 0.3672, 0.05078, 0.5289, 0.08230, 0.000, 0.5608, 0.2397
the servant girl justified la fontain.txt, 1.000, 0.3898, 0.000, 0.5334, 0.3262, 0.3585, 0.5141, 0.7016, 0.2501, 0.3365
the seven ravens brothers grimm.txt, 0.8188, 0.4603, 0.8269, 1.000, 0.1915, 0.000, 0.7431, 0.6037, 0.4141, 0.5881
the seven swabians brothers grimm.txt, 0.8083, 0.3425, 0.5031, 0.1905, 1.000, 0.3387, 0.000, 0.003956, 0.8060, 0.3837
the seventh and last voyage of sinbad the sailor arabian writer.txt, 0.2232, 0.4746, 0.7032, 0.2316, 0.4858, 0.000, 0.4295, 1.000, 0.9031, 0.6092
the shepherd boy brothers grimm.txt, 0.3078, 0.000, 0.5503, 0.2774, 0.8242, 0.1390, 0.5313, 0.4129, 0.6842, 1.000
the shoes that were danced to pieces brothers grimm.txt, 0.9377, 0.5554, 0.8335, 0.5764, 0.1517, 0.000, 0.2523, 1.000, 0.7900, 0.6931
the shroud brothers grimm.txt, 1.000, 0.2188, 0.4881, 0.6818, 0.6656, 0.5524, 0.000, 0.5607, 0.6652, 0.4327
the sick abbess la fontain.txt, 0.6320, 0.5997, 0.4981, 0.1445, 0.8141, 0.4388, 0.2746, 0.2832, 0.000, 1.000
the singing bone brothers grimm.txt, 0.5656, 0.9188, 0.5173, 0.000, 1.000, 0.5098, 0.2657, 0.1297, 0.4156, 0.2954
the singing springing lark brothers grimm.txt, 0.7197, 0.9176, 1.000, 0.6298, 0.2676, 0.2202, 0.5569, 0.000, 0.1037, 0.3322
the six servants brothers grimm.txt, 0.8859, 0.3729, 0.3417, 0.8418, 0.6859, 0.8068, 0.3457, 0.9786, 1.000, 0.000
the six swans brothers grimm.txt, 0.000, 0.4573, 1.000, 0.2802, 0.5112, 0.4706, 0.007952, 0.3743, 0.4972, 0.5381
the sixth voyage of sinbad the sailor arabian writer.txt, 0.1459, 0.6968, 0.000, 0.2785, 0.7587, 0.4047, 0.5043, 0.7978, 0.7068, 1.000
the skilful huntsman brothers grimm.txt, 0.3465, 0.2666, 0.000, 0.6197, 0.4846, 0.9566, 0.5394, 0.4727, 0.3831, 1.000
the snow man h c andersen.txt, 1.000, 0.2498, 0.9885, 0.8428, 0.000, 0.4909, 0.3632, 0.5065, 0.2500, 0.4287
the son of seven queens indian writer.txt, 0.9845, 0.2027, 0.000, 1.000, 0.6880, 0.1514, 0.1364, 0.4821, 0.01077, 0.6080
the soothsayer s son indian writer.txt, 0.1316, 0.2983, 0.000, 0.4653, 0.7619, 0.6219, 0.6230, 1.000, 0.3607, 0.6418
the sparrow and his four children brothers grimm.txt, 0.8606, 0.8473, 1.000, 0.1401, 0.06397, 0.000, 0.5349, 0.1685, 0.09949, 0.2695
the spectacles la fontain.txt, 0.3535, 1.000, 0.8809, 0.8709, 0.5525, 0.3346, 0.7577, 0.000, 0.06774, 0.7268
the spindle the shuttle and the needle brothers grimm.txt, 1.000, 0.3060, 0.4515, 0.2320, 0.4172, 0.000, 0.6363, 0.8042, 0.7270, 0.2762
the spirit in the bottle brothers grimm.txt, 1.000, 0.9981, 0.5194, 0.000, 0.1180, 0.4435, 0.5327, 0.3584, 0.2669, 0.7400
the star money brothers grimm.txt, 0.4060, 0.7326, 0.5126, 0.000, 0.3429, 0.4573, 0.3631, 0.3325, 0.7612, 1.000
the stolen farthings brothers grimm.txt, 0.9789, 0.9575, 0.000, 0.7255, 0.08832, 0.2353, 0.2030, 1.000, 0.4409, 0.4378
the stone of the wise men h c andersen.txt, 0.4877, 0.7047, 0.8308, 0.2621, 0.5542, 0.3517, 1.000, 0.000, 0.5810, 0.3772
the story of prince yamato take japanese writer.txt, 0.8022, 0.7140, 0.5971, 0.6929, 0.3488, 0.000, 0.2993, 0.2128, 1.000, 0.5298
the story of schlauraffen land brothers grimm.txt, 0.02371, 0.6422, 0.5248, 0.000, 0.9298, 1.000, 0.9119, 0.7319, 0.6405, 0.08271
the story of the king s son arabian writer.txt, 0.8790, 0.9787, 0.7733, 0.1643, 0.000, 0.7769, 1.000, 0.8277, 0.2628, 0.6682
the story of the man who did not wish to die japanese writer.txt, 0.6872, 0.000, 0.3766, 1.000, 0.6764, 0.8641, 0.6886, 0.6189, 0.3580, 0.7373
the story of the old man who made withered trees to flower japanese writer.txt, 0.7842, 0.6723, 0.6848, 0.2572, 0.7087, 0.3385, 1.000, 0.6044, 0.6047, 0.000
the story of the year h c andersen.txt, 0.05560, 0.2080, 0.2417, 0.000, 0.6953, 0.9756, 1.000, 0.04290, 0.3859, 0.2421
the story of the youth who went forth to learn what fear was brothers grimm.txt, 0.8344, 0.9402, 0.8533, 0.4891, 1.000, 0.000, 0.5854, 0.3818, 0.4444, 0.8640
the story of urashima taro the fisher lad japanese writer.txt, 0.2671, 0.2920, 0.2566, 0.1792, 0.000, 1.000, 0.4970, 0.07432, 0.2408, 0.2695
the story of zobeide told by herself arabian writer.txt, 0.000, 0.9720, 0.5860, 0.7689, 0.7311, 0.7490, 0.1590, 0.7338, 0.3260, 1.000
the tailor in heaven brothers grimm.txt, 0.4515, 0.3611, 1.000, 0.4436, 0.8515, 0.4870, 0.1557, 0.3488, 0.000, 0.2621
the tale of benjamin bunny beatrix potter.txt, 0.06794, 0.000, 0.5399, 0.4852, 1.000, 0.4740, 0.5246, 0.2315, 0.3148, 0.1898
the tale of mr. jeremy fisher beatrix potter.txt, 0.6635, 0.5867, 0.8876, 1.000, 0.5718, 0.3498, 0.7300, 0.000, 0.5462, 0.7987
the tale of mr. tod beatrix potter.txt, 0.6509, 0.1002, 0.4563, 0.9688, 1.000, 0.1532, 0.000, 0.04193, 0.2298, 0.5338
the tale of mrs. tiggy winkle beatrix potter.txt, 0.5505, 0.5240, 0.6963, 0.7060, 0.6215, 0.6157, 1.000, 0.6067, 0.1555, 0.000
the tale of peter rabbit by beatrix potter beatrix potter.txt, 0.03204, 0.5618, 0.000, 0.9744, 0.1833, 0.4573, 0.1860, 0.06495, 0.4795, 1.000
the tale of pigling bland beatrix potter.txt, 0.7436, 0.8618, 0.08787, 0.8614, 0.1176, 0.7327, 0.6961, 0.6338, 1.000, 0.000
the tale of the flopsy bunnies beatrix potter.txt, 0.07992, 0.7127, 1.000, 0.4966, 0.3419, 0.2201, 0.1223, 0.2585, 0.1936, 0.000
the tale of timmy tiptoes beatrix potter.txt, 1.000, 0.5698, 0.8169, 0.4911, 0.4374, 0.4292, 0.3940, 0.5483, 0.000, 0.5402
the tale of two bad mice beatrix potter.txt, 0.9452, 0.4871, 0.5021, 0.3387, 0.3422, 0.2869, 0.3465, 0.2313, 1.000, 0.000
the thief and his master brothers grimm.txt, 0.1655, 0.6611, 0.7817, 0.000, 0.5384, 1.000, 0.9878, 0.9979, 0.4430, 0.3789
the third voyage of sinbad the sailor arabian writer.txt, 0.3838, 1.000, 0.3982, 0.4549, 0.000, 0.2417, 0.7736, 0.6932, 0.4408, 0.5597
the thorny road of honour h c andersen.txt, 0.2350, 0.4927, 0.5906, 0.2796, 0.5114, 0.5490, 0.3667, 0.000, 0.6020, 1.000
the three apprentices brothers grimm.txt, 0.6873, 0.9570, 0.4189, 0.000, 0.6083, 0.9435, 0.7557, 0.08645, 0.8025, 1.000
the three army surgeons brothers grimm.txt, 0.8497, 0.8080, 0.9432, 0.7031, 0.3074, 0.9171, 0.000, 0.05972, 0.4131, 1.000
the three black princesses brothers grimm.txt, 0.8547, 0.3509, 0.6119, 0.3834, 0.1104, 0.000, 0.4346, 1.000, 0.2749, 0.7425
the three brothers brothers grimm.txt, 0.6975, 0.5858, 0.5842, 0.09502, 0.6373, 0.9826, 1.000, 0.000, 0.8838, 0.6125
the three feathers brothers grimm.txt, 0.2389, 0.04811, 0.4313, 0.2668, 0.6719, 1.000, 0.05846, 0.000, 0.2954, 0.8362
the three gossips wager la fontain.txt, 0.8390, 1.000, 0.4682, 0.5693, 0.06464, 0.000, 0.8704, 0.2393, 0.8006, 0.6368
the three languages brothers grimm.txt, 0.7910, 0.6793, 0.9470, 0.000, 0.3027, 0.04157, 0.6924, 0.5696, 1.000, 0.3473
the three little birds brothers grimm.txt, 0.1561, 1.000, 0.5751, 0.1951, 0.3223, 0.1815, 0.6678, 0.5754, 0.000, 0.5273
the three little men in the wood brothers grimm.txt, 0.9465, 1.000, 0.3533, 0.4338, 0.7351, 0.1331, 0.3685, 0.4251, 0.000, 0.4880
the three princes and the princess nouronnihar arabian writer.txt, 1.000, 0.2494, 0.1858, 0.9824, 0.01635, 0.2295, 0.2160, 0.1337, 0.1973, 0.000
the three sluggards brothers grimm.txt, 1.000, 0.000, 1.000, 0.9111, 0.5594, 0.4141, 0.9746, 0.5977, 0.6770, 0.04316
the three snake leaves brothers grimm.txt, 0.2298, 0.3655, 0.2952, 0.2203, 0.6228, 0.1474, 0.6776, 0.000, 1.000, 0.3427
the three sons of fortune brothers grimm.txt, 0.4804, 0.5134, 0.8423, 1.000, 0.000, 0.8819, 0.4854, 0.7157, 0.3994, 0.3368
the three spinners brothers grimm.txt, 0.2715, 0.4948, 0.2060, 1.000, 0.5593, 0.3170, 0.4268, 0.8872, 0.3111, 0.000
the tiger the brahman and the jackal indian writer.txt, 0.2142, 0.9001, 0.8892, 0.8149, 0.5117, 0.5853, 1.000, 0.5187, 0.000, 0.7676
the tongue cut sparrow japanese writer.txt, 0.7952, 0.2215, 0.000, 0.3260, 1.000, 0.1454, 0.8391, 0.2495, 0.2673, 0.3705
the tracks in the snow arthur scott bailey.txt, 0.5173, 0.7831, 0.8935, 0.3058, 1.000, 0.3963, 0.4319, 0.000, 0.5326, 0.5303
the truckers la fontain.txt, 0.6887, 0.5120, 0.3403, 0.4549, 0.5260, 0.9054, 0.000, 1.000, 0.8296, 0.8016
the true sweethearts brothers grimm.txt, 0.01614, 0.6894, 0.5286, 0.3475, 1.000, 0.5408, 0.02752, 0.03637, 0.3478, 0.000
the turnip brothers grimm.txt, 0.5849, 0.000, 0.2134, 0.7296, 0.7923, 0.3194, 1.000, 0.3363, 0.5356, 0.2620
the twelve brothers brothers grimm.txt, 0.3117, 0.4608, 0.1817, 0.4468, 0.4764, 0.000, 1.000, 0.3711, 0.4677, 0.2662
the twelve huntsmen brothers grimm.txt, 0.01588, 0.9747, 0.9148, 0.1209, 0.03651, 0.2358, 0.4371, 0.000, 0.3154, 1.000
the twelve idle servants brothers grimm.txt, 0.3440, 0.4867, 0.2334, 0.4193, 0.1690, 1.000, 0.000, 0.7542, 0.5163, 0.6497
the two brothers brothers grimm.txt, 1.000, 0.5387, 0.4206, 0.000, 0.4223, 0.2892, 0.2542, 0.5788, 0.4121, 0.06666
the two friends la fontain.txt, 0.6250, 0.1910, 0.8800, 0.6989, 0.6844, 0.9348, 1.000, 0.000, 0.6072, 0.8148
the two kings children brothers grimm.txt, 0.5981, 0.2093, 0.2960, 0.000, 0.4986, 0.5872, 0.6556, 0.6246, 1.000, 0.6917
the two travellers brothers grimm.txt, 0.8889, 0.6178, 0.000, 1.000, 0.6031, 0.2536, 0.5550, 0.1644, 0.7903, 0.1967
the ungrateful son brothers grimm.txt, 0.06389, 0.3598, 1.000, 0.3501, 0.4728, 0.4145, 0.000, 0.3231, 0.6526, 0.06943
the valiant little tailor brothers grimm.txt, 0.9371, 0.8184, 0.2426, 0.5186, 0.000, 0.5100, 0.4542, 0.3664, 1.000, 0.2785
the water nix brothers grimm.txt, 0.1629, 0.2371, 0.3664, 0.2282, 1.000, 0.3241, 0.9201, 0.000, 0.5504, 0.1831
the water of life brothers grimm.txt, 0.1804, 0.000, 0.8394, 0.9754, 1.000, 0.7809, 0.7666, 0.4325, 0.6311, 0.6686
the wedding of mrs. fox brothers grimm.txt, 0.4468, 1.000, 0.4532, 0.000, 0.4653, 0.2901, 0.2912, 0.5089, 0.7300, 0.5230
the white bride and the black one brothers grimm.txt, 0.000, 0.2203, 0.7322, 1.000, 0.4487, 0.4884, 0.6351, 0.4202, 0.1980, 0.8340
the white hare and the crocodiles japanese writer.txt, 0.9283, 0.4388, 0.01384, 0.000, 0.1634, 0.4892, 0.8985, 0.4772, 0.6478, 1.000
the white snake brothers grimm.txt, 0.6826, 0.2434, 0.6632, 0.4414, 0.000, 0.2831, 0.4744, 0.2468, 1.000, 0.7629
the wilful child brothers grimm.txt, 0.2713, 1.000, 0.2849, 0.1390, 0.000, 0.4069, 0.5720, 0.04571, 0.4295, 0.2391
the willow wren and the bear brothers grimm.txt, 0.2889, 0.6478, 0.6669, 1.000, 0.03549, 0.6013, 0.5363, 0.000, 0.8454, 0.8379
the willow wren brothers grimm.txt, 0.000, 0.7975, 0.9436, 0.4215, 0.6386, 0.3141, 0.1235, 1.000, 0.7627, 0.8994
the wind tells about waldemar daa and his daughters h c andersen.txt, 0.6534, 0.5542, 0.000, 0.4727, 1.000, 0.07627, 0.2369, 0.1695, 0.1943, 0.04515
the wise servant brothers grimm.txt, 0.7015, 1.000, 0.5260, 0.7960, 0.8314, 0.4314, 0.000, 0.6256, 0.9248, 0.4524
the wishing table the gold ass and the cudgel in the sack brothers grimm.txt, 0.7776, 0.000, 0.9771, 0.8465, 1.000, 0.8221, 0.3446, 0.2496, 0.2202, 0.6622
the wolf and the fox brothers grimm.txt, 0.1072, 0.6087, 0.01363, 0.2486, 1.000, 0.000, 0.2628, 0.5385, 0.4675, 0.4103
the wolf and the man brothers grimm.txt, 0.7520, 1.000, 0.7673, 0.9705, 0.5741, 0.6848, 0.5139, 0.7535, 0.8416, 0.000
the wolf and the seven little kids brothers grimm.txt, 0.4361, 0.8120, 0.5920, 0.02567, 0.09386, 0.8658, 0.1034, 1.000, 0.000, 0.03588
the wonderful musician brothers grimm.txt, 0.3622, 0.3143, 0.2236, 0.1113, 0.02547, 0.1578, 1.000, 0.2742, 0.4322, 0.000
the young giant brothers grimm.txt, 0.8257, 0.9087, 0.8530, 0.9260, 1.000, 0.000, 0.5110, 0.1982, 0.3830, 0.8108
there is a difference h c andersen.txt, 0.7344, 1.000, 0.5656, 0.000, 0.2368, 0.4702, 0.7419, 0.3770, 0.6625, 0.7185
third visit h c andersen.txt, 0.009010, 0.1815, 0.7539, 0.000, 0.8732, 0.8957, 1.000, 0.7577, 0.2866, 0.8830
thirtieth evening h c andersen.txt, 0.000, 0.2907, 0.4587, 0.8923, 0.1240, 0.5552, 1.000, 0.8551, 0.7285, 0.5045
thirty first evening h c andersen.txt, 0.2999, 0.9257, 0.000, 0.1885, 0.4728, 0.04755, 0.3061, 0.8001, 1.000, 0.03575
thirty second evening h c andersen.txt, 0.000, 0.7571, 0.5459, 0.8105, 0.7698, 0.9356, 1.000, 0.3401, 0.2576, 0.3801
thumbling as journeyman brothers grimm.txt, 0.9367, 0.5548, 0.1916, 0.1652, 0.3228, 0.000, 0.6476, 0.3636, 0.8058, 1.000
thumbling brothers grimm.txt, 1.000, 0.3778, 0.6200, 0.07280, 0.000, 0.1424, 0.4180, 0.6904, 0.1898, 0.7964
twelfth evening h c andersen.txt, 0.9159, 0.4570, 1.000, 0.000, 0.6866, 0.2425, 0.3122, 0.5980, 0.1796, 0.5382
twentieth evening h c andersen.txt, 0.000, 0.5448, 0.2477, 1.000, 0.4939, 0.6161, 0.4743, 0.4032, 0.6770, 0.1908
twenty eighth evening h c andersen.txt, 0.000, 0.5283, 0.3463, 1.000, 0.3539, 0.8340, 0.6775, 0.3429, 0.4910, 0.3645
twenty first evening h c andersen.txt, 0.2124, 1.000, 0.1824, 0.5078, 0.5386, 0.1331, 0.3652, 0.07464, 0.000, 0.3419
twenty fourth evening h c andersen.txt, 0.000, 0.4764, 0.4487, 0.7238, 0.2627, 1.000, 0.4152, 0.5721, 0.2285, 0.9413
twenty second evening h c andersen.txt, 0.000, 0.4796, 0.6587, 0.5727, 1.000, 0.9327, 0.6931, 0.5732, 0.5914, 0.5083
twenty third evening h c andersen.txt, 0.5340, 0.06447, 0.4832, 0.2978, 0.1670, 0.000, 0.3764, 0.8223, 1.000, 0.2250
under the willow tree h c andersen.txt, 0.5492, 0.3938, 0.9040, 0.000, 0.3309, 0.1674, 0.5055, 1.000, 0.8359, 0.6575
what the moon saw h c andersen.txt, 0.2793, 0.7241, 0.3359, 0.4317, 1.000, 0.000, 0.2030, 0.006773, 0.9402, 0.2267
what the old man does is always right h c andersen.txt, 0.4601, 0.3751, 1.000, 0.7322, 0.2278, 0.000, 0.6418, 0.4982, 0.8667, 0.4631
why the fish laughed indian writer.txt, 0.2164, 0.8564, 1.000, 0.3915, 0.5863, 0.000, 0.2034, 0.6077, 0.5842, 0.4897
wise folks brothers grimm.txt, 0.3117, 0.000, 0.7301, 0.09082, 0.4963, 0.5962, 0.8175, 0.6768, 1.000, 0.5583