a christmas tale h c andersen.txt, 72.70, 62.70, 63.83, 64.97, 72.74, 72.37, 68.43, 63.98, 63.86, 66.46
a confidant without knowing it or the stratagem la fontain.txt, 51.34, 52.14, 52.93, 47.97, 44.15, 42.00, 47.32, 50.71, 45.30, 55.79
a lac of rupees for a bit of advice indian writer.txt, 66.92, 60.35, 65.43, 65.21, 71.87, 66.58, 67.67, 65.77, 70.67, 71.35
a leaf from the sky h c andersen.txt, 29.16, 28.89, 27.73, 28.54, 34.54, 23.71, 27.09, 28.30, 21.06, 26.24
a riddling tale brothers grimm.txt, 4.529, 4.672, 4.323, 3.424, 3.887, 3.218, 5.511, 2.535, 2.689, 2.008
a story from the sand dunes h c andersen.txt, 465.0, 430.7, 431.6, 419.8, 411.2, 419.4, 432.3, 419.8, 425.8, 420.2
a story of old japan japanese writer.txt, 159.8, 158.1, 159.9, 161.4, 148.0, 153.7, 140.8, 135.9, 134.9, 135.8
a terrible fright arthur scott bailey.txt, 16.75, 9.741, 12.69, 12.61, 15.27, 16.43, 13.09, 12.49, 16.64, 8.862
alice sick la fontain.txt, 2.852, 4.514, 3.775, 5.574, 3.190, 2.805, 4.061, 2.956, 3.154, 3.959
allerleirauh brothers grimm.txt, 61.95, 64.79, 64.75, 53.73, 57.43, 59.99, 49.99, 49.59, 52.89, 51.13
an imitation of anacreon la fontain.txt, 1.302, 1.462, 3.424, 2.866, 4.984, 4.224, 3.525, 3.370, 0.6730, 1.281
an old chinese story japanese writer.txt, 72.48, 72.62, 72.96, 82.59, 71.43, 65.98, 67.01, 82.82, 83.40, 79.54
anne lisbeth h c andersen.txt, 13.60, 13.88, 9.491, 11.03, 12.52, 9.881, 12.68, 7.679, 10.83, 9.345
bearskin brothers grimm.txt, 48.67, 43.78, 44.78, 50.13, 54.13, 48.42, 53.44, 49.96, 59.37, 51.47
belphegor addressed to miss de chammelay la fontain.txt, 72.30, 66.12, 70.26, 72.53, 66.93, 62.94, 64.98, 63.22, 56.48, 58.98
briar rose brothers grimm.txt, 34.61, 36.08, 36.49, 34.19, 35.90, 34.67, 36.69, 35.54, 32.99, 33.61
brides on their trial brothers grimm.txt, 4.645, 5.960, 4.169, 4.129, 4.131, 4.166, 4.067, 3.064, 3.922, 3.987
brother lustig brothers grimm.txt, 98.52, 96.00, 102.2, 107.1, 105.6, 103.4, 102.0, 107.6, 97.46, 91.87
cat and mouse in partnership brothers grimm.txt, 30.44, 30.28, 25.31, 24.14, 30.29, 29.12, 26.75, 25.98, 26.84, 26.65
charming h c andersen.txt, 76.06, 77.22, 76.56, 77.40, 66.60, 71.67, 76.20, 82.77, 71.54, 76.74
cinderella brothers grimm.txt, 77.05, 65.09, 62.33, 61.76, 66.31, 68.73, 69.83, 69.53, 64.75, 68.82
clever elsie brothers grimm.txt, 37.08, 29.29, 30.33, 31.00, 37.14, 32.13, 34.56, 38.43, 32.36, 28.57
clever grethel brothers grimm.txt, 27.79, 23.12, 25.96, 24.24, 26.64, 28.97, 28.59, 25.07, 21.39, 21.73
clever hans brothers grimm.txt, 22.01, 19.74, 23.81, 24.78, 20.84, 26.44, 25.10, 23.18, 24.63, 22.92
death s messengers brothers grimm.txt, 14.43, 12.43, 15.52, 16.69, 13.77, 14.13, 15.62, 14.17, 14.67, 11.67
doctor knowall brothers grimm.txt, 22.34, 18.38, 23.23, 19.51, 18.31, 17.34, 20.25, 19.16, 20.30, 21.35
donkey cabbages brothers grimm.txt, 70.53, 67.15, 75.37, 65.01, 58.75, 62.60, 71.00, 73.06, 63.55, 69.77
eighth evening h c andersen.txt, 6.263, 7.199, 7.648, 7.502, 5.090, 9.075, 7.458, 10.10, 7.666, 7.080
evaporated apples arthur scott bailey.txt, 5.184, 6.709, 7.119, 6.280, 5.597, 5.248, 3.988, 6.289, 5.187, 5.145
eve s various children brothers grimm.txt, 18.57, 18.54, 16.99, 16.55, 12.31, 17.60, 13.83, 7.346, 20.68, 20.27
everything in its right place h c andersen.txt, 80.55, 90.19, 102.8, 104.9, 101.9, 99.02, 108.0, 91.02, 86.27, 95.03
fair katrinelje and pif paf poltrie brothers grimm.txt, 3.951, 7.928, 8.416, 6.768, 9.292, 7.251, 8.066, 11.60, 5.072, 4.071
faithful john brothers grimm.txt, 69.37, 77.89, 76.91, 92.06, 80.11, 82.43, 82.45, 76.50, 72.00, 80.58
fatty and the green corn arthur scott bailey.txt, 14.54, 15.00, 18.40, 13.83, 15.87, 16.36, 13.41, 15.61, 13.58, 14.41
fatty coon and the monster arthur scott bailey.txt, 13.50, 11.87, 14.86, 13.64, 14.75, 14.36, 9.160, 10.13, 14.04, 10.03
fatty coon at home arthur scott bailey.txt, 15.91, 15.27, 15.98, 16.16, 15.13, 19.37, 14.22, 19.16, 16.38, 13.12
fatty coon goes fishing arthur scott bailey.txt, 12.13, 15.91, 15.64, 15.56, 13.69, 9.894, 13.15, 13.10, 12.22, 12.60
fatty coon plays robber arthur scott bailey.txt, 19.65, 17.91, 18.84, 14.92, 19.44, 17.99, 17.58, 20.46, 18.73, 15.68
fatty coon s mistake arthur scott bailey.txt, 14.35, 11.52, 13.62, 16.12, 17.44, 15.30, 15.34, 12.68, 13.56, 11.59
fatty discovers mrs. turtle s secret arthur scott bailey.txt, 13.57, 17.32, 17.93, 14.21, 13.99, 15.07, 15.38, 14.63, 17.18, 15.85
fatty finds the moon arthur scott bailey.txt, 16.83, 16.51, 16.97, 16.04, 13.17, 13.30, 12.75, 14.43, 16.54, 17.28
fatty grows even fatter arthur scott bailey.txt, 7.673, 9.750, 8.119, 10.13, 8.154, 8.978, 8.862, 7.244, 10.79, 9.938
fatty learns something about eggs arthur scott bailey.txt, 20.78, 20.76, 17.12, 21.85, 22.39, 16.87, 20.40, 18.21, 16.07, 21.29
fatty meets jimmy rabbit arthur scott bailey.txt, 15.76, 22.68, 23.12, 18.39, 19.39, 17.92, 17.41, 16.72, 19.30, 17.75
fatty visits the smoke house arthur scott bailey.txt, 20.53, 17.54, 20.75, 18.97, 19.59, 19.99, 17.13, 17.71, 17.27, 16.51
ferdinand the faithful brothers grimm.txt, 53.53, 56.84, 48.39, 45.20, 39.46, 37.01, 50.63, 47.00, 50.36, 40.45
feronde la fontain.txt, 46.94, 53.41, 53.23, 45.29, 42.88, 42.20, 40.95, 41.80, 49.61, 51.71
fifth evening h c andersen.txt, 12.09, 13.42, 11.52, 13.58, 12.86, 15.15, 13.06, 14.04, 16.75, 13.22
fitcher s bird brothers grimm.txt, 40.31, 33.84, 37.72, 29.95, 38.95, 37.12, 33.43, 34.85, 30.51, 34.40
forty fat turkeys arthur scott bailey.txt, 13.54, 18.90, 14.00, 19.92, 19.03, 16.17, 16.94, 16.89, 16.18, 17.75
fourteenth evening h c andersen.txt, 6.969, 11.40, 10.58, 10.38, 12.28, 11.38, 8.419, 10.96, 13.46, 13.70
fourth evening h c andersen.txt, 9.750, 13.76, 8.175, 8.084, 11.55, 9.421, 9.530, 10.76, 8.872, 9.885
frau trude brothers grimm.txt, 6.782, 8.966, 8.419, 6.303, 6.169, 6.830, 4.604, 5.240, 8.821, 6.956
frederick and catherine brothers grimm.txt, 65.53, 64.89, 68.15, 61.16, 70.01, 66.64, 68.43, 38.98, 56.05, 61.27
friar philip s geese la fontain.txt, 32.53, 39.48, 41.04, 41.55, 40.92, 31.76, 36.59, 43.04, 47.31, 39.29
fundevogel bird foundling brothers grimm.txt, 26.52, 27.07, 19.82, 23.18, 25.50, 24.53, 25.45, 20.39, 23.50, 21.73
gambling hansel brothers grimm.txt, 21.14, 23.13, 20.02, 21.64, 23.79, 19.95, 17.09, 13.22, 16.35, 18.38
godfather death brothers grimm.txt, 37.38, 26.97, 36.16, 29.18, 31.38, 27.44, 33.84, 29.73, 35.61, 34.59
going a travelling brothers grimm.txt, 11.68, 7.529, 6.956, 10.97, 11.14, 9.965, 11.93, 7.519, 6.592, 11.07
good humour h c andersen.txt, 43.39, 39.42, 44.81, 39.60, 37.74, 41.64, 48.72, 49.98, 42.47, 38.10
hans carvel s ring la fontain.txt, 4.519, 4.187, 5.408, 4.851, 5.888, 5.886, 6.174, 6.572, 7.380, 5.951
hans in luck brothers grimm.txt, 52.66, 53.08, 60.14, 50.78, 56.63, 53.57, 54.09, 50.12, 49.14, 48.06
hans married brothers grimm.txt, 14.01, 10.67, 14.33, 15.68, 11.35, 12.98, 13.03, 10.45, 11.01, 8.443
hans the hedgehog brothers grimm.txt, 53.56, 48.30, 55.01, 57.01, 51.06, 60.25, 44.33, 47.64, 51.80, 58.78
hansel and grethel brothers grimm.txt, 71.93, 81.91, 84.28, 85.96, 80.53, 78.74, 82.38, 74.19, 70.81, 79.48
harisaman indian writer.txt, 34.95, 31.90, 32.42, 32.12, 34.05, 30.31, 30.50, 34.26, 36.66, 32.42
herr korbes brothers grimm.txt, 12.30, 9.411, 10.18, 5.935, 8.178, 8.007, 11.04, 9.680, 6.443, 7.978
how an old man lost his wen japanese writer.txt, 60.28, 59.65, 64.04, 60.73, 58.15, 57.00, 70.33, 55.78, 55.37, 57.31
how six men got on in the world brothers grimm.txt, 53.68, 60.56, 49.41, 59.78, 48.32, 55.62, 55.47, 57.10, 56.10, 52.70
how sun moon and wind went out to dinner indian writer.txt, 8.274, 14.62, 15.16, 11.88, 10.68, 12.36, 11.69, 11.47, 9.397, 16.15
how the raja s son won the princess labam indian writer.txt, 105.6, 93.67, 98.89, 101.9, 118.5, 114.9, 119.2, 107.6, 100.7, 106.0
how the wicked sons were duped indian writer.txt, 8.103, 6.907, 8.828, 7.437, 6.896, 8.442, 8.196, 9.201, 9.694, 7.951
ib and christine h c andersen.txt, 128.9, 120.4, 108.1, 116.2, 132.4, 117.9, 130.4, 131.0, 129.1, 124.8
in the duck yard h c andersen.txt, 58.25, 56.18, 65.15, 63.43, 60.73, 62.60, 62.77, 52.70, 57.67, 51.45
in the uttermost parts of the sea h c andersen.txt, 21.26, 27.38, 26.35, 24.93, 24.52, 29.57, 25.76, 27.62, 19.90, 24.64
indianfairytales the boy who had a moon on his forehead and a star on his chin indian writer.txt, 162.1, 195.7, 185.1, 171.2, 181.9, 196.8, 189.9, 180.4, 199.0, 181.6
iron john brothers grimm.txt, 72.91, 83.74, 80.60, 70.40, 83.34, 72.72, 82.49, 79.30, 88.10, 88.64
jack the dullard an old story told anew h c andersen.txt, 52.71, 45.22, 44.14, 37.09, 37.83, 43.70, 44.79, 35.88, 42.15, 44.55
jasper jay tells some news arthur scott bailey.txt, 18.34, 15.49, 16.02, 16.23, 14.32, 13.07, 10.72, 16.37, 18.97, 15.31
joconde la fontain.txt, 109.4, 98.16, 99.11, 93.44, 107.1, 106.6, 114.3, 94.15, 106.6, 107.6
johnnie green is disappointed arthur scott bailey.txt, 16.09, 15.31, 19.11, 19.11, 17.89, 18.13, 15.61, 18.21, 15.42, 19.42
johnnie green loses his pet arthur scott bailey.txt, 14.37, 12.04, 12.01, 11.49, 12.68, 13.05, 11.20, 15.05, 11.89, 13.75
jorinda and joringel brothers grimm.txt, 19.61, 29.89, 22.39, 24.82, 25.36, 21.24, 19.26, 25.39, 22.16, 22.71
king candaules and the doctor of laws la fontain.txt, 85.99, 79.49, 75.07, 85.10, 78.89, 77.45, 81.73, 73.47, 73.39, 67.87
king thrushbeard brothers grimm.txt, 40.86, 40.61, 40.20, 39.05, 45.56, 42.25, 39.59, 46.56, 44.28, 44.69
knoist and his three sons brothers grimm.txt, 2.794, 4.857, 2.940, 3.545, 3.858, 5.638, 2.881, 7.578, 4.604, 5.040
lazy harry brothers grimm.txt, 27.24, 28.51, 27.36, 24.19, 30.16, 23.20, 25.32, 27.82, 23.05, 25.91
lean lisa brothers grimm.txt, 11.04, 12.66, 11.83, 11.93, 13.23, 13.45, 10.71, 12.23, 9.080, 8.571
little brother and little sister brothers grimm.txt, 70.12, 67.39, 61.27, 55.00, 52.30, 55.97, 60.25, 68.85, 60.08, 62.54
little red cap brothers grimm.txt, 38.31, 34.63, 37.12, 38.29, 38.52, 34.06, 37.22, 35.87, 36.52, 34.65
little snow white brothers grimm.txt, 71.86, 79.06, 87.62, 86.23, 74.05, 70.85, 67.49, 75.12, 74.81, 71.97
loving laili indian writer.txt, 116.4, 101.1, 96.66, 116.1, 105.3, 106.9, 129.6, 110.7, 97.82, 94.61
maid maleen brothers grimm.txt, 56.21, 54.30, 57.11, 52.42, 43.34, 50.61, 34.62, 35.09, 44.54, 54.69
master pfriem master cobbler s awl brothers grimm.txt, 31.31, 37.21, 35.43, 33.01, 36.38, 30.92, 34.93, 37.48, 35.75, 41.39
momotaro or the story of the son of a peach japanese writer.txt, 136.5, 119.1, 131.4, 114.6, 112.4, 106.5, 113.9, 121.3, 113.2, 119.9
mother holle brothers grimm.txt, 28.42, 25.86, 27.22, 32.78, 28.76, 30.05, 29.54, 23.47, 28.14, 28.25
mrs. tiggy winkle s beatrix potter.txt, 15.00, 14.13, 18.04, 18.57, 18.62, 13.84, 16.27, 18.27, 18.44, 15.69
my lord bag of rice japanese writer.txt, 56.61, 57.96, 51.39, 58.43, 64.64, 54.64, 61.58, 62.69, 60.74, 64.83
neighbour peter s mare la fontain.txt, 46.79, 48.08, 39.58, 45.60, 42.84, 48.42, 37.94, 41.65, 38.79, 43.24
nicaise la fontain.txt, 55.58, 57.76, 58.10, 45.20, 52.32, 57.06, 51.05, 44.95, 45.31, 47.80
nineteenth evening h c andersen.txt, 10.22, 12.05, 12.81, 10.73, 10.71, 15.40, 13.62, 9.610, 12.70, 10.53
ninth evening h c andersen.txt, 17.04, 17.40, 15.44, 14.17, 12.94, 16.42, 14.57, 11.41, 17.66, 15.95
odds and ends brothers grimm.txt, 4.618, 4.207, 3.180, 7.281, 7.764, 7.349, 5.713, 5.604, 4.838, 5.519
old rinkrank brothers grimm.txt, 18.76, 16.67, 22.08, 19.25, 18.13, 11.67, 16.51, 17.22, 14.60, 22.41
old sultan brothers grimm.txt, 20.85, 22.93, 21.33, 22.05, 24.41, 18.45, 22.11, 20.69, 19.87, 26.54
ole the tower keeper h c andersen.txt, 6.584, 11.26, 10.73, 13.30, 12.55, 8.695, 11.86, 13.03, 9.846, 11.83
one eye two eyes and three eyes brothers grimm.txt, 63.70, 60.55, 74.34, 65.29, 68.02, 62.76, 72.61, 67.39, 70.78, 75.93
our lady s child brothers grimm.txt, 53.66, 52.07, 43.26, 44.45, 45.55, 48.47, 47.41, 41.31, 44.29, 43.75
prince ahmed and the fairy arabian writer.txt, 273.8, 312.1, 273.6, 288.3, 294.9, 310.1, 281.6, 299.8, 286.3, 252.3
prince beder and the princess giauhara arabian writer.txt, 406.7, 377.1, 405.2, 405.3, 417.4, 424.2, 384.4, 398.7, 398.1, 393.7
prince camaralzaman and the princess of china arabian writer.txt, 372.4, 358.3, 350.2, 336.2, 362.1, 360.8, 371.6, 375.3, 373.8, 362.0
punchkin indian writer.txt, 136.4, 128.0, 127.8, 115.5, 141.4, 135.5, 140.3, 138.8, 140.1, 117.1
raja rasalu indian writer.txt, 104.7, 97.37, 91.62, 81.15, 91.51, 96.85, 87.94, 84.01, 86.39, 88.62
rapunzel brothers grimm.txt, 46.20, 28.04, 30.82, 39.75, 37.94, 31.86, 37.43, 30.61, 29.77, 31.70
richard minutolo la fontain.txt, 56.76, 52.21, 55.21, 47.67, 49.85, 44.99, 49.31, 44.64, 51.29, 53.02
rumpelstiltskin brothers grimm.txt, 30.44, 23.76, 26.98, 32.79, 29.99, 27.64, 25.36, 23.53, 33.14, 24.14
samurai japanese writer.txt, 11.37, 10.70, 13.28, 13.10, 14.67, 13.76, 10.50, 12.37, 16.48, 17.30
seventh evening h c andersen.txt, 20.61, 14.52, 21.85, 20.46, 19.16, 23.29, 16.77, 19.76, 19.94, 19.06
sharing joy and sorrow brothers grimm.txt, 9.628, 7.656, 10.82, 6.833, 5.744, 10.25, 10.94, 6.497, 8.153, 10.03
she was good for nothing h c andersen.txt, 77.35, 79.55, 75.86, 79.30, 78.00, 86.11, 76.09, 71.72, 87.06, 81.39
simeli mountain brothers grimm.txt, 22.21, 21.15, 22.28, 25.11, 20.98, 23.91, 21.88, 24.61, 20.52, 16.22
sister jane la fontain.txt, 0.000, 3.322, 0.7710, 0.9580, 1.869, 1.926, 2.373, 1.658, 2.680, 3.948
snow white and rose red brothers grimm.txt, 65.23, 72.66, 58.11, 63.17, 63.37, 57.31, 62.17, 62.43, 60.63, 66.53
something h c andersen.txt, 75.76, 77.85, 73.33, 84.79, 80.34, 69.76, 74.07, 79.72, 72.91, 64.44
soup on a sausage peg h c andersen.txt, 157.3, 163.0, 146.4, 137.0, 150.7, 143.2, 153.0, 147.5, 134.1, 139.6
st. julian s prayer la fontain.txt, 85.46, 75.11, 71.17, 77.58, 92.49, 89.72, 94.06, 92.99, 85.85, 82.10
stories about snakes brothers grimm.txt, 12.99, 12.95, 16.69, 15.31, 15.35, 13.37, 15.35, 12.62, 11.84, 9.626
strong hans brothers grimm.txt, 70.78, 66.65, 68.14, 72.53, 64.19, 58.04, 65.20, 64.72, 59.84, 67.79
sweet porridge brothers grimm.txt, 6.521, 7.324, 7.278, 7.539, 7.701, 8.407, 6.942, 6.320, 6.582, 6.939
sweetheart roland brothers grimm.txt, 42.02, 36.40, 38.75, 30.75, 41.42, 39.51, 34.16, 43.92, 40.03, 43.47
tenth evening h c andersen.txt, 12.58, 11.95, 12.90, 12.03, 13.61, 10.76, 10.60, 13.88, 11.59, 9.530
the adventures of kintaro the golden boy japanese writer.txt, 66.98, 76.80, 63.25, 68.27, 71.02, 70.38, 70.43, 62.35, 73.39, 76.86
the amorous courtesan la fontain.txt, 70.79, 72.84, 72.42, 66.04, 68.01, 72.19, 59.04, 65.28, 75.82, 76.32
the avaricious wife and tricking gallant la fontain.txt, 16.01, 16.13, 15.34, 16.08, 19.89, 15.92, 16.82, 17.79, 13.84, 13.06
the bamboo cutter and the moon child japanese writer.txt, 174.0, 151.5, 155.5, 148.2, 151.3, 144.8, 135.8, 132.4, 147.9, 142.7
the barber shop again arthur scott bailey.txt, 16.47, 21.73, 23.05, 19.36, 18.18, 16.34, 18.53, 13.90, 16.14, 23.70
the beetle h c andersen.txt, 89.95, 75.51, 80.11, 81.84, 74.65, 77.51, 86.29, 78.73, 80.67, 83.21
the bell deep h c andersen.txt, 28.53, 40.76, 32.89, 33.12, 30.67, 34.32, 29.61, 29.68, 26.24, 31.04
the blue light brothers grimm.txt, 40.45, 40.69, 41.21, 40.94, 44.16, 42.72, 47.83, 44.27, 46.70, 39.38
the bond of friendship h c andersen.txt, 93.54, 90.48, 89.99, 88.74, 92.90, 96.50, 86.49, 100.7, 87.23, 77.52
the boots of buffalo leather brothers grimm.txt, 38.70, 34.02, 37.25, 34.96, 31.43, 38.08, 45.94, 37.73, 37.42, 36.54
the bottle neck h c andersen.txt, 105.5, 127.7, 125.2, 119.8, 109.0, 116.0, 128.7, 113.5, 106.9, 108.1
the boy who had a moon on his forehead and a star on his chin indian writer.txt, 162.1, 195.7, 185.1, 171.2, 181.9, 196.8, 189.9, 180.4, 199.0, 181.6
the bremen town musicians brothers grimm.txt, 34.00, 33.33, 28.46, 33.99, 33.77, 31.10, 32.61, 33.14, 31.27, 23.98
the bright sun brings it to light brothers grimm.txt, 13.47, 13.41, 13.88, 16.49, 21.82, 13.25, 9.410, 13.68, 16.04, 15.76
the broken pot indian writer.txt, 9.001, 7.658, 9.802, 8.773, 12.49, 11.90, 11.50, 10.17, 7.667, 10.10
the bucking tub la fontain.txt, 18.32, 17.37, 18.95, 19.11, 19.63, 17.19, 22.37, 21.26, 17.92, 19.43
the butterfly h c andersen.txt, 23.92, 20.50, 23.87, 27.42, 23.23, 26.07, 25.82, 23.46, 26.95, 25.42
the case of conscience la fontain.txt, 32.08, 28.87, 34.65, 31.03, 28.58, 31.53, 22.72, 29.99, 36.12, 27.42
the charmed ring indian writer.txt, 73.37, 81.39, 76.31, 86.60, 81.18, 82.99, 81.52, 68.48, 72.38, 71.58
the child in the grave h c andersen.txt, 52.46, 45.21, 45.72, 53.78, 48.42, 46.15, 50.55, 42.50, 43.67, 51.37
the clyster la fontain.txt, 25.15, 26.97, 24.92, 26.35, 27.57, 27.59, 23.16, 24.07, 22.69, 19.10
the cobbler la fontain.txt, 12.22, 9.789, 13.09, 13.82, 8.670, 12.76, 11.06, 10.53, 11.03, 14.82
the contract la fontain.txt, 25.70, 29.58, 28.94, 33.57, 29.37, 29.18, 28.98, 27.07, 23.84, 26.06
the convent gardener of lamporechio la fontain.txt, 45.94, 52.50, 41.93, 46.44, 39.75, 43.81, 44.64, 45.44, 45.39, 49.99
the country justice la fontain.txt, 2.968, 4.187, 3.923, 3.613, 2.573, 2.712, 3.890, 4.484, 3.981, 1.988
the countryman who sought his calf la fontain.txt, 3.171, 2.584, 5.092, 4.035, 6.471, 5.102, 4.571, 4.730, 4.718, 4.020
the cradle la fontain.txt, 50.64, 44.67, 36.59, 41.76, 43.04, 39.84, 42.71, 42.73, 36.75, 41.38
the cruel crane outwitted indian writer.txt, 27.82, 26.12, 25.97, 24.43, 27.17, 20.51, 22.66, 23.28, 18.05, 23.42
the crumbs on the table brothers grimm.txt, 5.244, 5.192, 5.003, 4.883, 4.860, 4.964, 3.701, 3.841, 3.641, 4.787
the crystal ball brothers grimm.txt, 32.58, 25.66, 25.21, 26.67, 25.38, 27.01, 26.65, 26.02, 27.81, 29.33
the cudgelled and contented cuckold la fontain.txt, 37.39, 39.79, 34.97, 37.43, 33.25, 35.31, 35.18, 32.20, 30.45, 37.93
the cunning little tailor brothers grimm.txt, 31.15, 32.36, 35.92, 32.90, 29.54, 26.22, 29.70, 24.75, 35.54, 31.46
the death of the little hen brothers grimm.txt, 14.63, 12.41, 18.56, 19.97, 17.29, 13.01, 14.24, 13.66, 16.32, 12.12
the demon with the matted hair indian writer.txt, 36.70, 37.36, 31.07, 28.70, 24.30, 27.54, 29.06, 29.94, 35.00, 36.03
the devil and his grandmother brothers grimm.txt, 30.78, 30.06, 32.10, 38.43, 31.09, 30.63, 35.37, 32.79, 37.97, 27.07
the devil in hell la fontain.txt, 43.16, 52.61, 51.65, 50.97, 41.55, 47.72, 38.82, 45.09, 48.48, 48.07
the devil of pope fig island la fontain.txt, 43.03, 39.01, 41.44, 45.26, 40.97, 40.69, 41.79, 36.07, 36.70, 35.02
the devil s sooty brother brothers grimm.txt, 29.38, 31.11, 32.96, 30.56, 34.93, 30.32, 27.90, 28.66, 28.59, 33.07
the devil with the three golden hairs brothers grimm.txt, 64.62, 67.14, 62.25, 69.08, 61.28, 70.36, 59.74, 70.57, 67.09, 64.69
the ditmarsch tale of wonders brothers grimm.txt, 5.833, 4.202, 5.688, 4.774, 6.396, 5.205, 7.659, 6.337, 6.407, 5.346
the dog and the sparrow brothers grimm.txt, 28.77, 30.52, 30.78, 27.96, 27.01, 23.69, 27.65, 30.84, 24.45, 25.32
the donkey brothers grimm.txt, 35.29, 39.40, 36.37, 29.25, 29.62, 33.09, 34.30, 30.71, 36.09, 28.82
the dress maker la fontain.txt, 5.954, 4.171, 7.394, 8.109, 6.897, 2.579, 1.943, 4.945, 5.243, 5.616
the drummer brothers grimm.txt, 99.57, 85.84, 93.29, 109.3, 99.55, 98.98, 95.08, 112.0, 107.5, 106.1
the dumb book h c andersen.txt, 18.54, 21.34, 19.08, 17.10, 18.70, 19.51, 16.58, 22.64, 19.31, 18.88
the duration of life brothers grimm.txt, 15.61, 18.50, 16.15, 16.36, 17.31, 18.04, 16.50, 12.58, 23.53, 16.48
the ear maker and the mould mender la fontain.txt, 41.08, 47.29, 46.67, 45.12, 46.29, 45.59, 42.18, 45.75, 50.53, 47.62
the ear of corn brothers grimm.txt, 4.241, 6.686, 5.714, 5.794, 6.631, 5.253, 5.672, 6.592, 5.283, 4.451
the eel pie la fontain.txt, 34.05, 33.67, 27.91, 29.89, 27.02, 21.45, 28.80, 30.61, 38.31, 29.55
the elves brothers grimm.txt, 28.35, 30.83, 31.47, 32.40, 33.24, 33.03, 34.12, 34.65, 32.95, 29.78
the ephesian matron la fontain.txt, 42.24, 44.61, 41.31, 37.65, 40.71, 45.11, 42.66, 51.04, 39.53, 45.71
the falcon la fontain.txt, 52.12, 56.38, 58.23, 55.46, 64.82, 53.81, 53.11, 56.69, 55.19, 53.41
the farmer and the badger japanese writer.txt, 94.26, 88.86, 96.15, 91.03, 88.56, 99.14, 91.30, 88.92, 93.92, 88.72
the farmyard cock and the weathercock h c andersen.txt, 22.13, 20.85, 22.31, 29.79, 23.12, 21.38, 20.40, 24.41, 17.68, 16.32
the fifth voyage of sinbad the sailor arabian writer.txt, 55.16, 51.66, 47.38, 50.54, 47.55, 49.34, 53.28, 58.98, 51.49, 54.60
the first voyage of sinbad the sailor arabian writer.txt, 43.01, 46.91, 46.48, 49.23, 47.39, 52.66, 49.40, 40.53, 47.99, 47.91
the fisherman and his wife brothers grimm.txt, 77.09, 86.61, 83.28, 87.79, 82.59, 71.67, 85.00, 79.97, 84.51, 76.96
the flail from heaven brothers grimm.txt, 9.471, 9.806, 8.509, 9.258, 10.63, 8.635, 9.373, 7.754, 10.75, 6.635
the four skilful brothers brothers grimm.txt, 45.48, 39.52, 45.85, 49.24, 43.75, 48.01, 47.82, 36.96, 44.91, 41.31
the fourth voyage of sinbad the sailor arabian writer.txt, 94.15, 85.18, 92.71, 86.90, 90.39, 88.58, 79.07, 68.06, 83.52, 87.40
the fox and his cousin brothers grimm.txt, 8.722, 10.92, 10.34, 13.09, 9.373, 9.736, 9.253, 10.29, 7.712, 10.80
the fox and the cat brothers grimm.txt, 6.110, 6.576, 10.05, 4.185, 7.970, 8.593, 7.871, 8.095, 6.357, 8.577
the fox and the geese brothers grimm.txt, 5.050, 6.298, 5.749, 7.073, 8.769, 3.772, 6.541, 5.472, 4.898, 8.536
the fox and the horse brothers grimm.txt, 11.74, 11.37, 13.80, 12.36, 10.87, 11.54, 9.547, 13.06, 11.77, 10.15
the frog king or iron henry brothers grimm.txt, 41.41, 30.32, 35.08, 34.59, 32.20, 31.43, 35.80, 32.84, 43.32, 37.94
the gascon la fontain.txt, 6.839, 6.622, 7.372, 6.485, 8.837, 4.635, 8.921, 6.649, 8.952, 5.466
the gascon punished la fontain.txt, 25.18, 21.97, 21.01, 23.49, 25.01, 17.35, 17.42, 18.75, 20.14, 20.20
the giant and the tailor brothers grimm.txt, 16.00, 19.37, 16.95, 20.45, 13.50, 18.85, 18.39, 16.51, 19.53, 17.47
the girl who trod on the loaf h c andersen.txt, 83.52, 76.13, 90.86, 89.23, 71.13, 83.20, 78.21, 91.01, 90.10, 91.39
the girl without hands brothers grimm.txt, 57.62, 51.00, 60.88, 62.03, 60.32, 62.37, 59.11, 62.15, 57.31, 70.47
the glass coffin brothers grimm.txt, 60.08, 59.93, 57.71, 62.69, 69.69, 60.56, 64.91, 62.42, 55.78, 69.55
the glutton la fontain.txt, 1.334, 2.988, 2.187, 2.806, 3.569, 3.733, 2.294, 2.369, 3.924, 2.030
the gnome brothers grimm.txt, 49.51, 47.61, 49.39, 33.39, 32.37, 40.60, 39.62, 37.60, 40.08, 39.10
the goblin and the huckster h c andersen.txt, 34.79, 44.04, 42.60, 32.12, 49.91, 38.81, 35.00, 38.04, 37.02, 34.68
the goblin of adachigahara japanese writer.txt, 49.95, 44.28, 48.56, 43.45, 50.37, 42.28, 47.02, 39.81, 37.20, 41.42
the godfather brothers grimm.txt, 16.45, 19.12, 17.87, 19.03, 20.05, 17.27, 15.42, 15.16, 16.58, 14.49
the gold children brothers grimm.txt, 23.34, 24.98, 28.67, 21.14, 23.05, 24.33, 25.48, 25.24, 21.13, 24.64
the gold giving serpent indian writer.txt, 12.25, 13.14, 11.81, 14.20, 15.70, 8.944, 10.70, 10.12, 11.23, 10.47
the golden bird brothers grimm.txt, 91.54, 83.32, 76.53, 70.77, 77.25, 77.49, 72.39, 85.69, 70.09, 79.10
the golden goose brothers grimm.txt, 30.08, 28.80, 29.33, 24.78, 33.87, 32.18, 26.11, 25.18, 24.53, 30.35
the golden key brothers grimm.txt, 122.8, 125.3, 109.6, 147.7, 124.0, 134.4, 112.6, 113.3, 139.9, 122.7
the good bargain brothers grimm.txt, 36.49, 36.61, 33.60, 47.28, 47.71, 41.04, 45.90, 40.64, 45.18, 44.36
the goose girl at the well brothers grimm.txt, 113.5, 108.5, 102.1, 110.5, 98.69, 105.5, 108.3, 94.99, 112.8, 117.5
the goose girl brothers grimm.txt, 63.23, 52.35, 59.04, 62.92, 52.67, 51.28, 48.10, 44.57, 53.89, 64.19
the grave mound brothers grimm.txt, 39.81, 41.00, 44.80, 40.62, 36.59, 35.92, 38.40, 34.87, 33.65, 41.41
the griffin brothers grimm.txt, 75.21, 67.99, 71.05, 81.04, 72.94, 66.57, 65.40, 62.32, 63.98, 65.62
the happy hunter and the skillful fisher japanese writer.txt, 156.9, 159.5, 159.4, 169.7, 146.1, 146.1, 131.7, 161.8, 160.0, 168.1
the hare and the hedgehog brothers grimm.txt, 40.18, 36.09, 37.32, 29.51, 39.73, 42.16, 27.23, 37.21, 26.81, 38.68
the hare s bride brothers grimm.txt, 14.00, 13.51, 14.24, 13.88, 13.38, 10.84, 15.62, 14.43, 12.48, 12.18
the hermit la fontain.txt, 45.24, 49.19, 39.04, 49.25, 39.73, 38.60, 39.77, 48.13, 47.37, 51.59
the husband confessor la fontain.txt, 11.68, 8.827, 11.24, 12.73, 12.27, 10.24, 10.90, 8.588, 11.27, 8.749
the hut in the forest brothers grimm.txt, 49.57, 47.83, 48.47, 51.54, 48.75, 50.30, 55.71, 46.45, 55.08, 53.54
the impossible thing la fontain.txt, 19.61, 18.36, 17.21, 24.09, 19.89, 20.36, 19.63, 19.96, 20.31, 18.51
the indiscreet confessions la fontain.txt, 28.67, 31.53, 30.16, 27.54, 31.52, 30.72, 31.94, 26.50, 26.18, 26.55
the iron stove brothers grimm.txt, 54.22, 58.50, 51.72, 58.44, 57.14, 61.77, 58.82, 58.01, 54.85, 56.94
the ivory city and its fairy princess indian writer.txt, 143.3, 150.6, 132.1, 140.1, 135.4, 147.0, 139.0, 132.5, 125.0, 149.5
the jealous husband la fontain.txt, 9.975, 9.415, 10.01, 8.399, 11.75, 11.48, 8.855, 6.239, 12.33, 9.459
the jelly fish and the monkey japanese writer.txt, 84.18, 97.52, 78.80, 81.63, 85.59, 84.11, 78.15, 77.42, 79.84, 81.21
the jew among thorns brothers grimm.txt, 46.29, 47.23, 48.02, 47.10, 39.93, 43.88, 41.79, 43.86, 46.98, 44.11
the juniper tree brothers grimm.txt, 81.00, 84.78, 74.28, 77.30, 83.63, 80.17, 80.44, 69.70, 84.83, 77.21
the king of persia and the princess of the sea arabian writer.txt, 175.1, 170.9, 169.4, 154.9, 173.8, 169.5, 158.2, 165.2, 164.5, 165.1
the king of the golden mountain brothers grimm.txt, 63.24, 75.67, 60.83, 59.39, 64.41, 66.08, 60.95, 60.62, 56.62, 48.45
the king s son who feared nothing brothers grimm.txt, 49.13, 60.09, 53.37, 62.46, 51.02, 53.96, 59.57, 49.08, 50.37, 55.47
the knapsack the hat and the horn brothers grimm.txt, 64.96, 62.24, 60.30, 52.63, 59.35, 56.98, 58.58, 61.15, 61.61, 56.45
the lambikin indian writer.txt, 17.88, 13.37, 12.21, 13.98, 15.44, 16.02, 13.98, 10.41, 10.22, 11.62
the lambkin and the little fish brothers grimm.txt, 16.31, 16.98, 15.73, 14.66, 15.70, 16.00, 14.33, 18.02, 18.48, 19.12
the lazy spinner brothers grimm.txt, 19.42, 20.00, 16.97, 18.83, 18.94, 19.06, 14.08, 19.87, 18.33, 18.49
the little bell la fontain.txt, 15.03, 16.16, 16.64, 18.75, 17.08, 11.10, 18.13, 14.74, 16.85, 13.90
the little dog la fontain.txt, 127.8, 130.6, 120.5, 125.5, 121.4, 126.1, 115.7, 118.1, 125.9, 124.5
the little folks presents brothers grimm.txt, 30.07, 27.91, 26.99, 22.15, 24.08, 25.84, 27.85, 24.49, 23.06, 23.50
the little peasant brothers grimm.txt, 61.41, 53.26, 57.76, 57.83, 44.33, 52.12, 58.03, 53.56, 51.98, 52.04
the loggers come arthur scott bailey.txt, 13.18, 12.83, 13.34, 15.61, 15.17, 16.69, 12.79, 10.73, 16.23, 13.80
the loss of the talisman arabian writer.txt, 222.2, 210.8, 220.2, 213.4, 219.8, 223.2, 210.1, 204.7, 213.1, 215.1
the louse and the flea brothers grimm.txt, 10.36, 11.72, 13.05, 12.33, 12.51, 13.43, 13.08, 12.30, 14.37, 12.17
the magic fiddle indian writer.txt, 36.94, 35.73, 31.89, 34.87, 33.89, 35.06, 34.53, 39.14, 32.07, 34.53
the magick cup la fontain.txt, 88.18, 111.7, 110.6, 115.4, 113.0, 107.3, 113.0, 90.47, 92.37, 98.30
the magnificent la fontain.txt, 51.12, 60.62, 50.81, 43.53, 46.35, 50.20, 50.85, 49.16, 55.25, 58.47
the maid of brakel brothers grimm.txt, 1.656, 2.689, 3.429, 3.678, 4.697, 3.994, 1.807, 4.735, 2.276, 3.756
the mandrake la fontain.txt, 69.29, 71.67, 73.96, 86.28, 68.67, 65.17, 69.55, 74.13, 65.30, 66.89
the marsh king s daughter h c andersen.txt, 369.9, 412.3, 421.5, 392.7, 380.2, 378.1, 398.0, 389.1, 429.2, 406.1
the master thief brothers grimm.txt, 82.51, 79.91, 78.26, 72.34, 81.54, 83.17, 73.17, 65.46, 80.61, 70.28
the monks of catalonia la fontain.txt, 53.95, 46.80, 52.45, 50.93, 54.03, 50.04, 47.97, 45.47, 47.62, 46.22
the moon brothers grimm.txt, 23.46, 21.53, 16.40, 20.91, 18.68, 21.64, 16.30, 22.55, 20.28, 19.50
the mouse the bird and the sausage brothers grimm.txt, 20.37, 16.67, 19.32, 20.54, 16.05, 20.79, 15.69, 21.71, 15.37, 14.82
the muleteer la fontain.txt, 31.69, 33.11, 32.93, 30.37, 34.43, 41.19, 34.00, 31.79, 30.27, 34.67
the nail brothers grimm.txt, 8.750, 8.015, 6.940, 8.414, 5.429, 7.335, 6.864, 7.857, 7.860, 4.262
the nightingale la fontain.txt, 57.35, 61.92, 53.87, 55.45, 55.10, 49.29, 63.85, 57.00, 52.08, 59.10
the nix of the mill pond brothers grimm.txt, 58.81, 56.56, 57.23, 55.13, 56.56, 60.48, 55.96, 50.00, 56.08, 56.63
the ogre of rashomon japanese writer.txt, 59.60, 51.53, 60.29, 51.34, 57.11, 59.63, 62.72, 59.06, 50.51, 56.32
the old bachelor s nightcap h c andersen.txt, 118.4, 134.9, 123.0, 132.9, 130.8, 140.3, 124.8, 128.7, 134.0, 136.9
the old gravestone h c andersen.txt, 38.20, 29.89, 31.33, 32.66, 36.27, 33.45, 33.17, 29.99, 34.56, 40.37
the old man and his grandson brothers grimm.txt, 5.427, 4.613, 7.347, 5.656, 5.273, 4.424, 8.756, 7.505, 7.112, 4.921
the old man s calendar la fontain.txt, 63.57, 59.20, 64.34, 56.17, 55.42, 52.17, 57.96, 44.63, 60.85, 57.16
the old woman in the wood brothers grimm.txt, 20.27, 24.19, 24.20, 24.23, 27.70, 22.88, 23.45, 23.61, 27.40, 26.00
the owl brothers grimm.txt, 24.80, 19.25, 19.82, 17.14, 20.55, 23.73, 16.02, 21.50, 18.83, 21.42
the pack of ragamuffins brothers grimm.txt, 21.50, 21.18, 15.00, 16.99, 18.62, 21.88, 22.91, 23.50, 19.77, 17.10
the peasant and his angry lord la fontain.txt, 18.80, 23.12, 21.16, 23.30, 22.07, 21.90, 21.95, 24.73, 24.54, 21.18
the peasant and the devil brothers grimm.txt, 7.793, 13.87, 8.855, 9.293, 11.01, 9.775, 10.85, 8.653, 11.04, 7.637
the peasant in heaven brothers grimm.txt, 4.866, 7.958, 7.737, 8.992, 7.379, 8.142, 8.166, 5.423, 8.512, 8.242
the peasant s wise daughter brothers grimm.txt, 35.60, 35.34, 32.84, 29.73, 41.53, 35.18, 33.85, 31.43, 36.25, 38.14
the pen and inkstand h c andersen.txt, 21.68, 27.49, 21.40, 23.39, 23.00, 32.42, 24.87, 19.88, 16.05, 25.34
the phoenix bird h c andersen.txt, 12.46, 13.71, 13.33, 15.33, 13.42, 13.05, 13.17, 9.061, 11.63, 8.332
the picture la fontain.txt, 41.58, 42.03, 40.47, 52.57, 52.51, 42.82, 42.80, 43.02, 46.35, 38.05
the pie and the patty pan beatrix potter.txt, 8.246, 6.490, 10.46, 10.07, 9.706, 8.540, 10.03, 8.653, 10.30, 8.953
the pigeon and the crow indian writer.txt, 15.51, 15.75, 13.89, 17.75, 14.15, 14.88, 15.69, 14.32, 13.77, 15.29
the pigs h c andersen.txt, 30.54, 27.50, 34.91, 29.00, 32.20, 30.74, 29.87, 29.06, 32.34, 31.03
the pink brothers grimm.txt, 49.46, 48.44, 45.73, 43.04, 47.77, 46.54, 44.13, 50.48, 41.50, 52.69
the poor boy in the grave brothers grimm.txt, 31.40, 30.44, 28.11, 32.85, 30.55, 30.10, 28.26, 33.91, 28.10, 31.92
the poor man and the rich man brothers grimm.txt, 47.41, 41.06, 49.18, 45.51, 55.97, 44.51, 48.18, 37.93, 47.18, 40.65
the poor miller s boy and the cat brothers grimm.txt, 32.02, 34.12, 41.23, 35.03, 32.73, 38.48, 36.61, 37.20, 37.87, 37.88
the prince and the fakir indian writer.txt, 42.09, 40.43, 46.36, 43.01, 37.54, 34.38, 42.95, 40.29, 39.19, 36.70
the princess betrothed to the king of garba la fontain.txt, 175.3, 165.6, 164.6, 168.2, 158.1, 169.2, 179.4, 177.1, 167.0, 172.4
the progress of wit la fontain.txt, 30.33, 33.06, 31.35, 36.13, 28.71, 31.70, 28.87, 29.27, 23.58, 30.08
the psalter la fontain.txt, 3.770, 7.411, 3.704, 5.283, 2.767, 4.097, 5.675, 5.461, 4.572, 3.414
the puppet showman h c andersen.txt, 46.19, 46.96, 44.66, 37.11, 45.74, 49.67, 49.68, 42.75, 42.30, 42.64
the quarrel of tee monkey and the crab japanese writer.txt, 70.83, 76.55, 70.84, 63.71, 70.27, 66.08, 69.23, 79.89, 77.64, 57.38
the queen bee brothers grimm.txt, 19.05, 21.31, 20.34, 20.59, 17.22, 26.46, 19.89, 21.75, 22.23, 26.80
the quid pro quo or the mistakes la fontain.txt, 39.39, 38.17, 37.07, 35.66, 35.27, 33.84, 37.09, 37.61, 41.38, 35.08
the raven brothers grimm.txt, 63.98, 63.29, 56.22, 48.56, 60.17, 53.23, 58.96, 52.64, 51.55, 56.98
the rhemese la fontain.txt, 52.09, 50.45, 59.05, 50.64, 53.01, 48.66, 50.05, 51.65, 54.08, 50.53
the riddle brothers grimm.txt, 32.03, 27.73, 33.10, 27.80, 27.42, 33.90, 27.38, 27.97, 22.32, 27.36
the river scamander la fontain.txt, 34.86, 30.62, 38.58, 31.33, 30.23, 30.19, 32.33, 33.79, 37.44, 33.30
the robber bridegroom brothers grimm.txt, 34.01, 34.40, 39.41, 39.28, 40.00, 35.65, 32.32, 39.16, 35.85, 33.95
the roly poly pudding beatrix potter.txt, 64.79, 57.64, 59.80, 61.69, 65.68, 56.76, 60.83, 54.11, 63.99, 59.01
the sagacious monkey and the boar japanese writer.txt, 26.25, 21.98, 24.20, 27.04, 25.21, 28.75, 27.80, 26.69, 28.66, 28.11
the sea hare brothers grimm.txt, 28.66, 37.40, 30.91, 30.79, 29.94, 29.63, 32.47, 34.61, 27.05, 36.48
the second voyage of sinbad the sailor arabian writer.txt, 68.09, 49.19, 57.88, 55.93, 49.85, 59.04, 50.45, 48.87, 59.65, 53.48
the servant girl justified la fontain.txt, 28.66, 23.76, 20.63, 24.92, 23.25, 23.51, 24.76, 26.27, 22.64, 23.34
the seven ravens brothers grimm.txt, 29.40, 25.33, 29.50, 31.46, 22.28, 20.11, 28.54, 26.96, 24.81, 26.78
the seven swabians brothers grimm.txt, 27.64, 23.99, 25.25, 22.80, 29.14, 23.96, 21.30, 21.33, 27.62, 24.31
the seventh and last voyage of sinbad the sailor arabian writer.txt, 55.06, 60.72, 65.86, 55.25, 60.97, 50.03, 59.70, 72.54, 70.36, 63.75
the shepherd boy brothers grimm.txt, 9.397, 8.427, 10.16, 9.301, 11.02, 8.865, 10.10, 9.728, 10.58, 11.58
the shoes that were danced to pieces brothers grimm.txt, 40.97, 38.34, 40.25, 38.48, 35.56, 34.52, 36.25, 41.40, 39.95, 39.29
the shroud brothers grimm.txt, 8.782, 4.918, 6.250, 7.208, 7.128, 6.568, 3.836, 6.609, 7.126, 5.976
the sick abbess la fontain.txt, 24.10, 23.85, 23.09, 20.42, 25.47, 22.64, 21.40, 21.46, 19.33, 26.88
the singing bone brothers grimm.txt, 19.87, 23.02, 19.44, 14.83, 23.75, 19.38, 17.20, 15.99, 18.54, 17.47
the singing springing lark brothers grimm.txt, 67.14, 69.99, 71.17, 65.85, 60.64, 59.95, 64.80, 56.79, 58.28, 61.56
the six servants brothers grimm.txt, 75.72, 68.12, 67.66, 75.07, 72.76, 74.55, 67.71, 77.10, 77.42, 62.59
the six swans brothers grimm.txt, 43.77, 51.42, 60.50, 48.46, 52.32, 51.65, 43.91, 50.04, 52.09, 52.78
the sixth voyage of sinbad the sailor arabian writer.txt, 70.40, 79.37, 68.03, 72.56, 80.37, 74.61, 76.23, 81.01, 79.53, 84.30
the skilful huntsman brothers grimm.txt, 53.79, 52.43, 47.91, 58.43, 56.14, 64.15, 57.07, 55.93, 54.41, 64.89
the snow man h c andersen.txt, 60.32, 46.35, 60.10, 57.39, 41.70, 50.84, 48.46, 51.13, 46.35, 49.68
the son of seven queens indian writer.txt, 89.89, 78.35, 75.36, 90.12, 85.51, 77.59, 77.37, 82.47, 75.52, 84.33
the soothsayer s son indian writer.txt, 98.49, 102.4, 95.40, 106.3, 113.3, 110.0, 110.0, 118.9, 103.9, 110.5
the sparrow and his four children brothers grimm.txt, 28.74, 28.64, 29.83, 23.13, 22.53, 22.03, 26.20, 23.35, 22.81, 24.13
the spectacles la fontain.txt, 44.91, 52.51, 51.11, 50.99, 47.25, 44.69, 49.66, 40.75, 41.55, 49.30
the spindle the shuttle and the needle brothers grimm.txt, 33.33, 28.13, 29.22, 27.58, 28.96, 25.84, 30.61, 31.87, 31.29, 27.91
the spirit in the bottle brothers grimm.txt, 54.84, 54.82, 48.09, 40.80, 42.45, 47.03, 48.28, 45.83, 44.55, 51.19
the star money brothers grimm.txt, 8.441, 9.721, 8.859, 6.850, 8.194, 8.642, 8.273, 8.153, 9.833, 10.77
the stolen farthings brothers grimm.txt, 11.06, 10.97, 6.934, 9.990, 7.306, 7.925, 7.789, 11.15, 8.791, 8.778
the stone of the wise men h c andersen.txt, 157.9, 163.5, 166.7, 152.1, 159.6, 154.4, 171.0, 145.4, 160.3, 155.1
the story of prince yamato take japanese writer.txt, 137.9, 136.3, 134.1, 135.9, 129.5, 123.0, 128.6, 127.0, 141.5, 132.8
the story of schlauraffen land brothers grimm.txt, 6.514, 9.984, 9.325, 6.381, 11.60, 11.99, 11.50, 10.49, 9.974, 6.845
the story of the king s son arabian writer.txt, 221.0, 225.4, 216.4, 189.6, 182.4, 216.5, 226.3, 218.8, 194.0, 211.8
the story of the man who did not wish to die japanese writer.txt, 71.51, 57.52, 65.19, 77.87, 71.29, 75.11, 71.53, 70.12, 64.81, 72.53
the story of the old man who made withered trees to flower japanese writer.txt, 78.34, 76.22, 76.45, 68.34, 76.91, 69.88, 82.43, 74.93, 74.93, 63.47
the story of the year h c andersen.txt, 93.39, 95.77, 96.30, 92.51, 103.4, 107.8, 108.2, 93.19, 98.56, 96.31
the story of the youth who went forth to learn what fear was brothers grimm.txt, 101.2, 103.9, 101.7, 92.22, 105.5, 79.51, 94.72, 89.43, 91.06, 102.0
the story of urashima taro the fisher lad japanese writer.txt, 113.0, 114.2, 112.4, 108.4, 99.25, 150.6, 124.8, 103.1, 111.6, 113.1
the story of zobeide told by herself arabian writer.txt, 99.61, 110.7, 106.3, 108.4, 108.0, 108.2, 101.4, 108.0, 103.3, 111.0
the tailor in heaven brothers grimm.txt, 19.70, 18.97, 24.11, 19.64, 22.92, 19.99, 17.32, 18.87, 16.07, 18.18
the tale of benjamin bunny beatrix potter.txt, 24.80, 24.27, 28.47, 28.04, 32.04, 27.96, 28.35, 26.07, 26.72, 25.75
the tale of mr. jeremy fisher beatrix potter.txt, 19.20, 18.33, 21.73, 23.01, 18.16, 15.65, 19.95, 11.68, 17.87, 20.73
the tale of mr. tod beatrix potter.txt, 123.7, 111.2, 119.3, 130.9, 131.6, 112.4, 108.9, 109.9, 114.1, 121.0
the tale of mrs. tiggy winkle beatrix potter.txt, 15.67, 15.45, 16.90, 16.98, 16.27, 16.22, 19.46, 16.14, 12.33, 11.02
the tale of peter rabbit by beatrix potter beatrix potter.txt, 19.77, 23.41, 19.55, 26.24, 20.81, 22.69, 20.83, 20.00, 22.85, 26.42
the tale of pigling bland beatrix potter.txt, 88.15, 90.09, 77.42, 90.08, 77.91, 87.97, 87.37, 86.35, 92.35, 75.98
the tale of the flopsy bunnies beatrix potter.txt, 24.17, 27.75, 29.37, 26.53, 25.65, 24.96, 24.41, 25.18, 24.81, 23.72
the tale of timmy tiptoes beatrix potter.txt, 40.10, 33.21, 37.17, 31.95, 31.08, 30.95, 30.39, 32.86, 24.07, 32.73
the tale of two bad mice beatrix potter.txt, 27.18, 21.28, 21.47, 19.37, 19.41, 18.70, 19.47, 17.98, 27.88, 15.01
the thief and his master brothers grimm.txt, 19.20, 22.09, 22.79, 18.24, 21.37, 24.06, 23.99, 24.05, 20.82, 20.44
the third voyage of sinbad the sailor arabian writer.txt, 73.39, 80.64, 73.56, 74.22, 68.87, 71.72, 77.98, 77.03, 74.06, 75.46
the thorny road of honour h c andersen.txt, 40.62, 44.07, 45.39, 41.22, 44.32, 44.83, 42.39, 37.47, 45.54, 50.88
the three apprentices brothers grimm.txt, 32.14, 34.68, 29.62, 25.68, 31.40, 34.55, 32.78, 26.49, 33.22, 35.08
the three army surgeons brothers grimm.txt, 30.07, 29.77, 30.73, 29.03, 26.24, 30.55, 24.07, 24.49, 26.98, 31.13
the three black princesses brothers grimm.txt, 21.43, 17.21, 19.39, 17.48, 15.20, 14.27, 17.91, 22.64, 16.57, 20.49
the three brothers brothers grimm.txt, 18.02, 17.18, 17.16, 13.49, 17.56, 20.16, 20.29, 12.77, 19.41, 17.38
the three feathers brothers grimm.txt, 27.38, 26.59, 28.18, 27.50, 29.18, 30.55, 26.63, 26.39, 27.62, 29.87
the three gossips wager la fontain.txt, 84.19, 87.43, 76.75, 78.78, 68.64, 67.35, 84.83, 72.15, 83.42, 80.13
the three languages brothers grimm.txt, 25.91, 25.07, 27.10, 19.90, 22.20, 20.22, 25.17, 24.23, 27.50, 22.54
the three little birds brothers grimm.txt, 36.85, 43.53, 40.17, 37.16, 38.17, 37.05, 40.90, 40.17, 35.62, 39.79
the three little men in the wood brothers grimm.txt, 61.84, 62.71, 52.25, 53.56, 58.42, 48.69, 52.50, 53.41, 46.54, 54.43
the three princes and the princess nouronnihar arabian writer.txt, 188.4, 166.9, 165.0, 187.9, 160.2, 166.3, 165.9, 163.5, 165.4, 159.7
the three sluggards brothers grimm.txt, 7.225, 3.680, 7.225, 6.910, 5.663, 5.148, 7.135, 5.799, 6.080, 3.833
the three snake leaves brothers grimm.txt, 35.65, 37.17, 36.38, 35.55, 40.03, 34.73, 40.65, 33.09, 44.24, 36.91
the three sons of fortune brothers grimm.txt, 24.13, 24.44, 27.48, 28.94, 19.68, 27.85, 24.18, 26.31, 23.38, 22.80
the three spinners brothers grimm.txt, 21.68, 24.52, 20.84, 30.95, 25.34, 22.25, 23.65, 29.51, 22.18, 18.22
the tiger the brahman and the jackal indian writer.txt, 15.75, 23.45, 23.33, 22.50, 19.09, 19.92, 24.58, 19.17, 13.35, 21.97
the tongue cut sparrow japanese writer.txt, 98.95, 88.22, 84.08, 90.17, 102.8, 86.80, 99.77, 88.74, 89.07, 91.00
the tracks in the snow arthur scott bailey.txt, 17.21, 19.93, 21.06, 15.04, 22.15, 15.97, 16.33, 11.91, 17.36, 17.34
the truckers la fontain.txt, 41.51, 40.03, 38.59, 39.55, 40.14, 43.33, 35.73, 44.12, 42.69, 42.46
the true sweethearts brothers grimm.txt, 67.03, 73.95, 72.30, 70.44, 77.15, 72.43, 67.15, 67.24, 70.44, 66.87
the turnip brothers grimm.txt, 30.91, 25.68, 27.59, 32.21, 32.77, 28.54, 34.62, 28.69, 30.47, 28.03
the twelve brothers brothers grimm.txt, 54.92, 57.84, 52.38, 57.56, 58.14, 48.82, 68.39, 56.08, 57.97, 54.03
the twelve huntsmen brothers grimm.txt, 24.21, 33.50, 32.92, 25.22, 24.40, 26.34, 28.29, 24.05, 27.11, 33.75
the twelve idle servants brothers grimm.txt, 25.29, 26.33, 24.48, 25.84, 24.01, 30.08, 22.78, 28.28, 26.55, 27.52
the two brothers brothers grimm.txt, 245.1, 221.0, 214.8, 192.8, 214.9, 208.0, 206.1, 223.1, 214.4, 196.3
the two friends la fontain.txt, 4.052, 2.641, 4.881, 4.292, 4.245, 5.059, 5.271, 2.020, 3.994, 4.669
the two kings children brothers grimm.txt, 86.46, 78.30, 80.12, 73.91, 84.37, 86.23, 87.66, 87.01, 94.89, 88.42
the two travellers brothers grimm.txt, 116.1, 112.2, 103.5, 117.6, 112.0, 107.1, 111.3, 105.8, 114.7, 106.3
the ungrateful son brothers grimm.txt, 3.354, 4.475, 6.900, 4.438, 4.903, 4.682, 3.112, 4.336, 5.584, 3.375
the valiant little tailor brothers grimm.txt, 24.57, 23.69, 19.39, 21.45, 17.59, 21.39, 20.97, 20.32, 25.04, 19.66
the water nix brothers grimm.txt, 6.353, 6.688, 7.272, 6.648, 10.13, 7.081, 9.773, 5.617, 8.103, 6.444
the water of life brothers grimm.txt, 54.06, 51.52, 63.32, 65.23, 65.57, 62.49, 62.29, 57.60, 60.39, 60.92
the wedding of mrs. fox brothers grimm.txt, 20.14, 25.53, 20.20, 15.78, 20.32, 18.61, 18.62, 20.74, 22.90, 20.88
the white bride and the black one brothers grimm.txt, 33.09, 35.99, 42.71, 46.23, 38.99, 39.51, 41.43, 38.61, 35.69, 44.05
the white hare and the crocodiles japanese writer.txt, 59.70, 54.75, 50.45, 50.31, 51.96, 55.26, 59.40, 55.14, 56.86, 60.42
the white snake brothers grimm.txt, 44.79, 40.12, 44.58, 42.23, 37.54, 40.55, 42.58, 40.16, 48.16, 45.64
the wilful child brothers grimm.txt, 3.413, 5.342, 3.449, 3.063, 2.695, 3.772, 4.209, 2.816, 3.832, 3.328
the willow wren and the bear brothers grimm.txt, 21.21, 23.97, 24.12, 26.68, 19.26, 23.61, 23.11, 18.98, 25.49, 25.43
the willow wren brothers grimm.txt, 21.54, 29.74, 31.24, 25.87, 28.10, 24.77, 22.81, 31.82, 29.38, 30.79
the wind tells about waldemar daa and his daughters h c andersen.txt, 126.7, 124.3, 111.0, 122.4, 135.0, 112.8, 116.7, 115.1, 115.7, 112.1
the wise servant brothers grimm.txt, 6.914, 8.731, 5.846, 7.489, 7.705, 5.270, 2.644, 6.452, 8.273, 5.398
the wishing table the gold ass and the cudgel in the sack brothers grimm.txt, 101.3, 89.41, 104.4, 102.4, 104.7, 102.0, 94.70, 93.24, 92.79, 99.57
the wolf and the fox brothers grimm.txt, 16.01, 18.69, 15.51, 16.77, 20.79, 15.43, 16.84, 18.32, 17.94, 17.63
the wolf and the man brothers grimm.txt, 9.608, 10.95, 9.691, 10.79, 8.645, 9.244, 8.319, 9.616, 10.09, 5.536
the wolf and the seven little kids brothers grimm.txt, 29.25, 32.19, 30.47, 26.03, 26.57, 32.61, 26.64, 33.66, 25.83, 26.11
the wonderful musician brothers grimm.txt, 29.31, 28.81, 27.86, 26.68, 25.78, 27.17, 35.99, 28.39, 30.04, 25.51
the young giant brothers grimm.txt, 80.50, 81.49, 80.82, 81.69, 82.58, 70.64, 76.74, 73.00, 75.21, 80.32
there is a difference h c andersen.txt, 42.66, 45.74, 40.71, 34.16, 36.90, 39.60, 42.75, 38.52, 41.83, 42.48
third visit h c andersen.txt, 37.67, 38.97, 43.29, 37.60, 44.19, 44.36, 45.15, 43.32, 39.76, 44.26
thirtieth evening h c andersen.txt, 7.788, 9.148, 9.934, 11.96, 8.368, 10.38, 12.47, 11.79, 11.20, 10.15
thirty first evening h c andersen.txt, 6.719, 8.522, 5.855, 6.398, 7.217, 5.992, 6.737, 8.160, 8.736, 5.958
thirty second evening h c andersen.txt, 9.006, 13.38, 12.16, 13.68, 13.45, 14.41, 14.78, 10.97, 10.49, 11.20
thumbling as journeyman brothers grimm.txt, 39.22, 36.47, 33.85, 33.66, 34.80, 32.47, 37.14, 35.09, 38.28, 39.68
thumbling brothers grimm.txt, 63.42, 56.04, 58.91, 52.42, 51.56, 53.25, 56.52, 59.75, 53.81, 61.00
twelfth evening h c andersen.txt, 21.31, 18.14, 21.90, 14.97, 19.73, 16.65, 17.13, 19.11, 16.22, 18.70
twentieth evening h c andersen.txt, 10.85, 14.53, 12.52, 17.60, 14.18, 15.01, 14.05, 13.57, 15.42, 12.14
twenty eighth evening h c andersen.txt, 4.681, 6.568, 5.918, 8.253, 5.945, 7.660, 7.101, 5.906, 6.435, 5.983
twenty first evening h c andersen.txt, 8.342, 13.05, 8.163, 10.11, 10.29, 7.868, 9.255, 7.519, 7.073, 9.116
twenty fourth evening h c andersen.txt, 7.226, 9.603, 9.465, 10.84, 8.537, 12.22, 9.298, 10.08, 8.366, 11.92
twenty second evening h c andersen.txt, 2.551, 4.659, 5.446, 5.068, 6.946, 6.650, 5.597, 5.070, 5.150, 4.785
twenty third evening h c andersen.txt, 22.01, 18.36, 21.61, 20.17, 19.16, 17.86, 20.78, 24.24, 25.62, 19.61
under the willow tree h c andersen.txt, 162.4, 158.1, 172.1, 147.4, 156.4, 152.0, 161.2, 174.7, 170.2, 165.3
what the moon saw h c andersen.txt, 11.48, 13.71, 11.77, 12.25, 15.10, 10.08, 11.10, 10.11, 14.80, 11.22
what the old man does is always right h c andersen.txt, 53.60, 52.70, 59.34, 56.49, 51.13, 48.71, 55.53, 54.01, 57.92, 53.63
why the fish laughed indian writer.txt, 51.98, 61.70, 63.88, 54.64, 57.60, 48.69, 51.78, 57.92, 57.56, 56.13
wise folks brothers grimm.txt, 42.62, 40.32, 45.72, 40.99, 43.99, 44.73, 46.37, 45.33, 47.72, 44.45